Candidate,Party,Votes,State,Constituency
SHARAD KUMAR,Aam Aadmi Party,96143,NCT OF Delhi,NERELA
NEEL DAMAN KHATRI,Bharatiya Janata Party,55851,NCT OF Delhi,NERELA
PRAVEEN KUMAR BHUGRA,Indian National Congress,4643,NCT OF Delhi,NERELA
ROOPESH BHARDWAJ,Bahujan Samaj Party,1662,NCT OF Delhi,NERELA
BRIJ MOHAN,Shivsena,478,NCT OF Delhi,NERELA
SURENDER,Communist Party of India  (Marxist-Leninist)  (Liberation),363,NCT OF Delhi,NERELA
MANOJ KUMAR,Independent,218,NCT OF Delhi,NERELA
AJAY MUDGIL,Independent,191,NCT OF Delhi,NERELA
None of the Above,None of the Above,767,NCT OF Delhi,NERELA
SANDEEP KUMAR,Aam Aadmi Party,80269,NCT OF Delhi,SULTANPUR MAJRA
PARBHU DAYAL,Bharatiya Janata Party,15830,NCT OF Delhi,SULTANPUR MAJRA
JAI KISHAN,Indian National Congress,15036,NCT OF Delhi,SULTANPUR MAJRA
NATHU RAM,Bahujan Samaj Party,2838,NCT OF Delhi,SULTANPUR MAJRA
GURDAYAL SINGH,Shivsena,549,NCT OF Delhi,SULTANPUR MAJRA
SONU,Bahujan Mukti Party,309,NCT OF Delhi,SULTANPUR MAJRA
RAMESH KUMAR,Independent,148,NCT OF Delhi,SULTANPUR MAJRA
None of the Above,None of the Above,521,NCT OF Delhi,SULTANPUR MAJRA
RAGHUVINDER SHOKEEN,Aam Aadmi Party,83259,NCT OF Delhi,NANGLOI JAT
MANOJ KUMAR SHOKEEN,Bharatiya Janata Party,46235,NCT OF Delhi,NANGLOI JAT
DR. BIJENDER SINGH,Indian National Congress,15756,NCT OF Delhi,NANGLOI JAT
NARENDER BINDAL,Independent,3323,NCT OF Delhi,NANGLOI JAT
KULWANT RAI BANSAL,Bahujan Samaj Party,1173,NCT OF Delhi,NANGLOI JAT
SANDEEP KHATIK,Janata Dal  (United),538,NCT OF Delhi,NANGLOI JAT
RAGHVENDER SINGH,Independent,410,NCT OF Delhi,NANGLOI JAT
MAHESH KUMAR,Independent,289,NCT OF Delhi,NANGLOI JAT
ADARSH SHARMA,Purvanchal Mahapanchayat,280,NCT OF Delhi,NANGLOI JAT
ANIL,Independent,139,NCT OF Delhi,NANGLOI JAT
HARI SHANKAR SHARMA,All India Forward Bloc,131,NCT OF Delhi,NANGLOI JAT
DHARAM PAL BHILWARA,Hind Congress Party,103,NCT OF Delhi,NANGLOI JAT
ROHTASH SINGH,Sathi Aur Aapka Faisala Party,102,NCT OF Delhi,NANGLOI JAT
DR. TARUN KUMAR,Vishva SHakti Party,62,NCT OF Delhi,NANGLOI JAT
RATAN LAL GUPTA (ADVOCATE),Delhi Janta Party,58,NCT OF Delhi,NANGLOI JAT
None of the Above,None of the Above,517,NCT OF Delhi,NANGLOI JAT
RAKHI BIRLA,Aam Aadmi Party,60534,NCT OF Delhi,MANGOL PURI
RAJ KUMAR CHAUHAN,Indian National Congress,37835,NCT OF Delhi,MANGOL PURI
SURJEET KUMAR,Bharatiya Janata Party,27889,NCT OF Delhi,MANGOL PURI
DEVENDER KUMAR,Bahujan Samaj Party,1659,NCT OF Delhi,MANGOL PURI
RAJU,Shivsena,330,NCT OF Delhi,MANGOL PURI
VIJAY MAHAROLIYA,Independent,179,NCT OF Delhi,MANGOL PURI
None of the Above,None of the Above,534,NCT OF Delhi,MANGOL PURI
VIJENDER KUMAR,Bharatiya Janata Party,59866,NCT OF Delhi,ROHINI
C.L. GUPTA,Aam Aadmi Party,54499,NCT OF Delhi,ROHINI
SUKHBIR SHARMA,Indian National Congress,3399,NCT OF Delhi,ROHINI
RAJU,Dalit Mazdoor Kishan Party,1406,NCT OF Delhi,ROHINI
DEEPAK KUMAR,Bahujan Samaj Party,349,NCT OF Delhi,ROHINI
SARABJIT SINGH,Independent,66,NCT OF Delhi,ROHINI
None of the Above,None of the Above,557,NCT OF Delhi,ROHINI
BANDANA KUMARI,Aam Aadmi Party,62656,NCT OF Delhi,SHALIMAR BAGH
REKHA GUPTA,Bharatiya Janata Party,51678,NCT OF Delhi,SHALIMAR BAGH
SULEKH AGGARWAL,Indian National Congress,3200,NCT OF Delhi,SHALIMAR BAGH
LALIT KUMAR GAUTAM,Bahujan Samaj Party,892,NCT OF Delhi,SHALIMAR BAGH
AVINASH KUMAR JHA,Independent,430,NCT OF Delhi,SHALIMAR BAGH
HARISH CHANDER TIWARI,Independent,286,NCT OF Delhi,SHALIMAR BAGH
ASHOK KUMAR,Independent,219,NCT OF Delhi,SHALIMAR BAGH
WAJID ALI,Independent,90,NCT OF Delhi,SHALIMAR BAGH
CA SATISH SINGAL,Independent,86,NCT OF Delhi,SHALIMAR BAGH
None of the Above,None of the Above,627,NCT OF Delhi,SHALIMAR BAGH
SATYENDAR JAIN,Aam Aadmi Party,51530,NCT OF Delhi,SHAKUR BASTI
S C VATS,Bharatiya Janata Party,48397,NCT OF Delhi,SHAKUR BASTI
CHAMAN LAL SHARMA,Indian National Congress,4812,NCT OF Delhi,SHAKUR BASTI
DR. AMAR NATH YADAV,Kalyankari Jantantrik Party,234,NCT OF Delhi,SHAKUR BASTI
LAXMAN,Bahujan Samaj Party,233,NCT OF Delhi,SHAKUR BASTI
SAPNA SHARMA,Naya Daur Party,103,NCT OF Delhi,SHAKUR BASTI
JUGAL KISHOR,Independent,87,NCT OF Delhi,SHAKUR BASTI
SUNITA SACHDEVA,Delhi Janta Party,53,NCT OF Delhi,SHAKUR BASTI
None of the Above,None of the Above,438,NCT OF Delhi,SHAKUR BASTI
JITENDER SINGH TOMAR,Aam Aadmi Party,63012,NCT OF Delhi,TRI NAGAR
NAND KISHORE GARG,Bharatiya Janata Party,40701,NCT OF Delhi,TRI NAGAR
ANIL BHARDWAJ,Indian National Congress,7939,NCT OF Delhi,TRI NAGAR
NITYA NAND SINGH,Bahujan Samaj Party,317,NCT OF Delhi,TRI NAGAR
LALITA AGARWAL,Independent,275,NCT OF Delhi,TRI NAGAR
KHALID ALI,Independent,139,NCT OF Delhi,TRI NAGAR
MOHAMMAD SALEEM,Nationalist Congress Party,101,NCT OF Delhi,TRI NAGAR
NEELAM NIGAM,Janata Dal  (United),80,NCT OF Delhi,TRI NAGAR
NANDKISHOR PRASAD YADAV,Independent,61,NCT OF Delhi,TRI NAGAR
AMIT KUMAR,Independent,33,NCT OF Delhi,TRI NAGAR
SANDEEP KANSAL,Shivsena,28,NCT OF Delhi,TRI NAGAR
MANISH KUKREJA,Samras Samaj Party,18,NCT OF Delhi,TRI NAGAR
BASHIRUDDIN,All India Minorities Front,7,NCT OF Delhi,TRI NAGAR
None of the Above,None of the Above,407,NCT OF Delhi,TRI NAGAR
RAJESH GUPTA,Aam Aadmi Party,61208,NCT OF Delhi,WAZIRPUR
DR. MAHANDER NAGPAL,Bharatiya Janata Party,39164,NCT OF Delhi,WAZIRPUR
HARI SHANKAR GUPTA,Indian National Congress,8371,NCT OF Delhi,WAZIRPUR
RAM DHANI,Bahujan Samaj Party,1185,NCT OF Delhi,WAZIRPUR
RAJESH KUMAR,Independent,547,NCT OF Delhi,WAZIRPUR
H.D. ANSARI,Independent,231,NCT OF Delhi,WAZIRPUR
AJAY KUMAR SINGH,Communist Party of India  (Marxist-Leninist)  (Liberation),183,NCT OF Delhi,WAZIRPUR
SUNIL KUMAR,Asankhya Samaj Party,70,NCT OF Delhi,WAZIRPUR
MUNSHI LAL PRAJAPATI,Lokpriya Samaj Party,62,NCT OF Delhi,WAZIRPUR
INDARJEET YADAV,Samras Samaj Party,53,NCT OF Delhi,WAZIRPUR
RAMESH CHANDRA,Prajatantrik Samajvadi Party,43,NCT OF Delhi,WAZIRPUR
None of the Above,None of the Above,468,NCT OF Delhi,WAZIRPUR
AKHILESH PATI TRIPATHI,Aam Aadmi Party,54628,NCT OF Delhi,MODEL TOWN
VIVEK  GARG,Bharatiya Janata Party,37922,NCT OF Delhi,MODEL TOWN
KANWAR KARAN SINGH,Indian National Congress,8992,NCT OF Delhi,MODEL TOWN
GAUTAM,Independent,1176,NCT OF Delhi,MODEL TOWN
JEETENDER,Bahujan Samaj Party,601,NCT OF Delhi,MODEL TOWN
VINOD K. JAIN,Independent,146,NCT OF Delhi,MODEL TOWN
SACHIN JHA,Independent,129,NCT OF Delhi,MODEL TOWN
None of the Above,None of the Above,690,NCT OF Delhi,MODEL TOWN
SOM DUTT,Aam Aadmi Party,67507,NCT OF Delhi,SADAR BAZAR
PARVEEN KUMAR JAIN,Bharatiya Janata Party,33192,NCT OF Delhi,SADAR BAZAR
AJAY MAKAN,Indian National Congress,16331,NCT OF Delhi,SADAR BAZAR
MIRZA ALI RAZA,Bahujan Samaj Party,748,NCT OF Delhi,SADAR BAZAR
MAN MOHAN,Shivsena,257,NCT OF Delhi,SADAR BAZAR
GHANSHYAM DASS,Independent,189,NCT OF Delhi,SADAR BAZAR
PRASHANT YADAV,Independent,172,NCT OF Delhi,SADAR BAZAR
RITU KAUSHIK,SOCIALIST UNITY CENTRE OF INDIA (COMMUNIST),130,NCT OF Delhi,SADAR BAZAR
AJAY,Independent,119,NCT OF Delhi,SADAR BAZAR
MOHD FURQAN,Hind Congress Party,81,NCT OF Delhi,SADAR BAZAR
DAL CHAND,Independent,56,NCT OF Delhi,SADAR BAZAR
VED PARKASH,Asankhya Samaj Party,44,NCT OF Delhi,SADAR BAZAR
MAHENDER PRATAP SINGH SIKARWAR,Republican Party of India (A),38,NCT OF Delhi,SADAR BAZAR
None of the Above,None of the Above,412,NCT OF Delhi,SADAR BAZAR
SANJEEV JHA,Aam Aadmi Party,124724,NCT OF Delhi,BURARI
GOPAL JHA,Bharatiya Janata Party,56774,NCT OF Delhi,BURARI
J S CHAUHAN,Indian National Congress,6750,NCT OF Delhi,BURARI
RAMBIR,Bahujan Samaj Party,2343,NCT OF Delhi,BURARI
MANAGER CHAURASIYA,SOCIALIST UNITY CENTRE OF INDIA (COMMUNIST),930,NCT OF Delhi,BURARI
DHARAM PAL SINGH,Shivsena,561,NCT OF Delhi,BURARI
KHADAK LAL,Independent,540,NCT OF Delhi,BURARI
RICHA MUNDRA,Samras Samaj Party,532,NCT OF Delhi,BURARI
NAFE SINGH RAJPUT,Independent,435,NCT OF Delhi,BURARI
PREM SHANKAR SHARMA,Akhil Bhartiya Sudhar Party,382,NCT OF Delhi,BURARI
MADHU DIWAKAR,Communist Party of India  (Marxist),250,NCT OF Delhi,BURARI
RANJAN KUMAR SINGH,Bhartiya Janta Dal,158,NCT OF Delhi,BURARI
SUSHIL KUMAR MISHRA,Akhil Bharat Hindu Mahasabha,130,NCT OF Delhi,BURARI
GULAB SINGHAL,Rajlok Party,110,NCT OF Delhi,BURARI
RAJBIR SINGH,Independent,109,NCT OF Delhi,BURARI
PRAVEN KUMAR,Gareeb Aadmi Party,105,NCT OF Delhi,BURARI
PANKAJ KUMAR AGARAWAL,Peoples Green Party,96,NCT OF Delhi,BURARI
KALPANA GUPTA,Republican Party of India (A),85,NCT OF Delhi,BURARI
None of the Above,None of the Above,413,NCT OF Delhi,BURARI
ALKA  LAMBA,Aam Aadmi Party,36756,NCT OF Delhi,CHANDNI CHOWK
SUMAN KUMAR GUPTA,Bharatiya Janata Party,18469,NCT OF Delhi,CHANDNI CHOWK
PARLAD SINGH SAWHNEY,Indian National Congress,17930,NCT OF Delhi,CHANDNI CHOWK
MOHD. REHAN,Bahujan Samaj Party,217,NCT OF Delhi,CHANDNI CHOWK
MOHD. NASEEM,Nationalist Congress Party,212,NCT OF Delhi,CHANDNI CHOWK
ASHOK KUMAR,Akhil Bharat Hindu Mahasabha,117,NCT OF Delhi,CHANDNI CHOWK
TARUN,Independent,111,NCT OF Delhi,CHANDNI CHOWK
LAKHAN SINGH,Independent,86,NCT OF Delhi,CHANDNI CHOWK
ADIL MIRZA,Indian Union Muslim League,63,NCT OF Delhi,CHANDNI CHOWK
SANDEEP SHARMA,Independent,57,NCT OF Delhi,CHANDNI CHOWK
BALRAM BARI,Independent,48,NCT OF Delhi,CHANDNI CHOWK
PARMEET SINGH,Independent,25,NCT OF Delhi,CHANDNI CHOWK
ANIL ANAND,Independent,23,NCT OF Delhi,CHANDNI CHOWK
None of the Above,None of the Above,362,NCT OF Delhi,CHANDNI CHOWK
ASIM AHMED KHAN,Aam Aadmi Party,47584,NCT OF Delhi,MATIA MAHAL
SHOAIB IQBAL,Indian National Congress,21488,NCT OF Delhi,MATIA MAHAL
SHAKEEL ANJUM,Bharatiya Janata Party,9105,NCT OF Delhi,MATIA MAHAL
MOHD SAMI,Independent,430,NCT OF Delhi,MATIA MAHAL
RAVI ANAND,Bahujan Samaj Party,396,NCT OF Delhi,MATIA MAHAL
UMAR FAROOQ,Independent,215,NCT OF Delhi,MATIA MAHAL
MOHD SHAFI,Bahujan Mukti Party,164,NCT OF Delhi,MATIA MAHAL
SHOAIB AHMED,Independent,161,NCT OF Delhi,MATIA MAHAL
IMRAN HUSAIN,Indian Union Muslim League,131,NCT OF Delhi,MATIA MAHAL
MOHD SHAHZAMAN SULTAN,Independent,122,NCT OF Delhi,MATIA MAHAL
MOHAMMAD AHMED SAIFI,Independent,91,NCT OF Delhi,MATIA MAHAL
MEHFUZ KHAN,Jammu & Kashmir National Panthers Party,90,NCT OF Delhi,MATIA MAHAL
CHAMAN PARKASH SUNIL,Garib Raj Party,45,NCT OF Delhi,MATIA MAHAL
SHUEB AHMED KHAN,Independent,43,NCT OF Delhi,MATIA MAHAL
PREM NATH,Independent,29,NCT OF Delhi,MATIA MAHAL
MOAZAM KHAN,Hind Congress Party,19,NCT OF Delhi,MATIA MAHAL
TARIQ MIRZA,Republican Party of India (A),19,NCT OF Delhi,MATIA MAHAL
None of the Above,None of the Above,203,NCT OF Delhi,MATIA MAHAL
IMRAN HUSSAIN,Aam Aadmi Party,57118,NCT OF Delhi,BALLIMARAN
SHAYAM LAL MORWAL,Bharatiya Janata Party,23241,NCT OF Delhi,BALLIMARAN
HAROON YUSUF,Indian National Congress,13205,NCT OF Delhi,BALLIMARAN
ABDUL JABBAR,Communist Party of India,644,NCT OF Delhi,BALLIMARAN
DILIP KUMAR,Bahujan Samaj Party,438,NCT OF Delhi,BALLIMARAN
DAULAT RAM,Independent,142,NCT OF Delhi,BALLIMARAN
MD.DANISH,Republican Party of India (A),130,NCT OF Delhi,BALLIMARAN
MANISH KUMAR,Nagrik Chetna Party,120,NCT OF Delhi,BALLIMARAN
KRISHAN KUMAR,Independent,107,NCT OF Delhi,BALLIMARAN
AARIF NABI,Independent,91,NCT OF Delhi,BALLIMARAN
RAJESH KUMAR,Bahujan Mukti Party,61,NCT OF Delhi,BALLIMARAN
PREM,Bhartiya Janta Dal (Integrated),55,NCT OF Delhi,BALLIMARAN
None of the Above,None of the Above,304,NCT OF Delhi,BALLIMARAN
VISHESH RAVI,Aam Aadmi Party,67429,NCT OF Delhi,KAROL BAGH
YOGENDER CHANDOLIYA,Bharatiya Janata Party,34549,NCT OF Delhi,KAROL BAGH
MADAN KHORWAL,Indian National Congress,9144,NCT OF Delhi,KAROL BAGH
YOGESH,Bahujan Samaj Party,559,NCT OF Delhi,KAROL BAGH
AMIT,Akhil Bharat Hindu Mahasabha,182,NCT OF Delhi,KAROL BAGH
PARDEEP KUMAR JATAV,Independent,175,NCT OF Delhi,KAROL BAGH
SANJAY KUMAR AKARNIA,Independent,99,NCT OF Delhi,KAROL BAGH
RANJAN KHATUMARIA,Independent,77,NCT OF Delhi,KAROL BAGH
DEEPAK KUMAR,Independent,54,NCT OF Delhi,KAROL BAGH
KISHORE KUMAR,Shivsena,48,NCT OF Delhi,KAROL BAGH
DHAN RAJ CHAUHAN,Naya Daur Party,24,NCT OF Delhi,KAROL BAGH
None of the Above,None of the Above,411,NCT OF Delhi,KAROL BAGH
HAZARI LAL CHAUHAN,Aam Aadmi Party,68868,NCT OF Delhi,PATEL NAGAR
KRISHNA TIRATH,Bharatiya Janata Party,34230,NCT OF Delhi,PATEL NAGAR
RAJESH LILOTHIA,Indian National Congress,10766,NCT OF Delhi,PATEL NAGAR
VEENA ANAND,Independent,1051,NCT OF Delhi,PATEL NAGAR
ALOK NANDAN,Bahujan Samaj Party,772,NCT OF Delhi,PATEL NAGAR
SURESH KUMAR,Independent,464,NCT OF Delhi,PATEL NAGAR
None of the Above,None of the Above,469,NCT OF Delhi,PATEL NAGAR
SHIV CHARAN GOEL,Aam Aadmi Party,60223,NCT OF Delhi,MOTI NAGAR
SUBHASH SACHDEVA,Bharatiya Janata Party,45002,NCT OF Delhi,MOTI NAGAR
RAJ KUMAR MAGGO,Indian National Congress,6111,NCT OF Delhi,MOTI NAGAR
AVINASH GUPTA,Bahujan Samaj Party,666,NCT OF Delhi,MOTI NAGAR
SANJEEV DIWAN,Independent,566,NCT OF Delhi,MOTI NAGAR
SANJEEV GUPTA,Independent,321,NCT OF Delhi,MOTI NAGAR
None of the Above,None of the Above,471,NCT OF Delhi,MOTI NAGAR
GIRISH SONI,Aam Aadmi Party,66571,NCT OF Delhi,MADIPUR
RAJ KUMAR,Bharatiya Janata Party,37184,NCT OF Delhi,MADIPUR
MALA RAM GANGWAL,Indian National Congress,10350,NCT OF Delhi,MADIPUR
LALA RAM,Bahujan Samaj Party,600,NCT OF Delhi,MADIPUR
JITENDER KUMAR,Purvanchal Mahapanchayat,512,NCT OF Delhi,MADIPUR
PURAN CHAND,Independent,477,NCT OF Delhi,MADIPUR
None of the Above,None of the Above,601,NCT OF Delhi,MADIPUR
JARNAIL SINGH,Aam Aadmi Party,54916,NCT OF Delhi,RAJOURI GARDEN
MANJINDER SINGH SIRSA,Shiromani Akali Dal,44880,NCT OF Delhi,RAJOURI GARDEN
A MEENAKSHI CHANDELA A,Indian National Congress,14167,NCT OF Delhi,RAJOURI GARDEN
GURBAKSH SINGH,Shivsena,1706,NCT OF Delhi,RAJOURI GARDEN
MOIN KHAN,Bahujan Samaj Party,384,NCT OF Delhi,RAJOURI GARDEN
JARNAIL SINGH,Independent,382,NCT OF Delhi,RAJOURI GARDEN
JARNAIL SINGH,Independent,280,NCT OF Delhi,RAJOURI GARDEN
SUMIT,Independent,240,NCT OF Delhi,RAJOURI GARDEN
SUMAN CHANDILA,Independent,101,NCT OF Delhi,RAJOURI GARDEN
LOKESH,Independent,88,NCT OF Delhi,RAJOURI GARDEN
LIVIS CHANDELA,Independent,74,NCT OF Delhi,RAJOURI GARDEN
PRAVEEN KUMAR,Independent,39,NCT OF Delhi,RAJOURI GARDEN
JASVINDRA SINGH,Independent,36,NCT OF Delhi,RAJOURI GARDEN
BHAGAT SINGH,Independent,29,NCT OF Delhi,RAJOURI GARDEN
None of the Above,None of the Above,649,NCT OF Delhi,RAJOURI GARDEN
JAGDEEP SINGH,Aam Aadmi Party,65814,NCT OF Delhi,HARI NAGAR
AVTAR SINGH HIT,Bharatiya Janata Party,39318,NCT OF Delhi,HARI NAGAR
CHANDER PARKASH,Indian National Congress,6221,NCT OF Delhi,HARI NAGAR
JAI PRAKASH MANAV,Bahujan Samaj Party,559,NCT OF Delhi,HARI NAGAR
BALJEET KAUR,Shivsena,152,NCT OF Delhi,HARI NAGAR
None of the Above,None of the Above,591,NCT OF Delhi,HARI NAGAR
JARNAIL SINGH,Aam Aadmi Party,57180,NCT OF Delhi,TILAK NAGAR
RAJIV BABBAR,Bharatiya Janata Party,37290,NCT OF Delhi,TILAK NAGAR
DULI CHAND LOHIA,Indian National Congress,7303,NCT OF Delhi,TILAK NAGAR
JARNAIL SINGH,Independent,570,NCT OF Delhi,TILAK NAGAR
RAJIV BABBAR,Rashtriya Aadiwasi Bahujan Party,253,NCT OF Delhi,TILAK NAGAR
VIJAY BAHADUR,Bahujan Samaj Party,250,NCT OF Delhi,TILAK NAGAR
PRADEEP KUMAR LOHIA,Independent,238,NCT OF Delhi,TILAK NAGAR
VISHAL SHARMA,Independent,80,NCT OF Delhi,TILAK NAGAR
CHATTAR SINGH,Shivsena,68,NCT OF Delhi,TILAK NAGAR
DULI CHAND,Independent,48,NCT OF Delhi,TILAK NAGAR
BABU SINGH DUKHIYA,Hind Congress Party,37,NCT OF Delhi,TILAK NAGAR
None of the Above,None of the Above,464,NCT OF Delhi,TILAK NAGAR
PANKAJ PUSHKAR,Aam Aadmi Party,64477,NCT OF Delhi,TIMARPUR
RAJNI ABBI,Bharatiya Janata Party,43830,NCT OF Delhi,TIMARPUR
SURINDER PAL SINGH,Indian National Congress,14642,NCT OF Delhi,TIMARPUR
MANOJ,Bahujan Samaj Party,592,NCT OF Delhi,TIMARPUR
HARJINDER SINGH,Independent,581,NCT OF Delhi,TIMARPUR
SANJEEV KUMAR RANA,Communist Party of India,542,NCT OF Delhi,TIMARPUR
CHAND MIYA,Independent,448,NCT OF Delhi,TIMARPUR
SAVITA CHAUDHARY,Independent,170,NCT OF Delhi,TIMARPUR
GUNJAN KUMAR,Independent,129,NCT OF Delhi,TIMARPUR
SHESH NATH GOSWAMI,Akhil Bhartiya Sudhar Party,119,NCT OF Delhi,TIMARPUR
RAMESH,Rashtriya Ekta Party,99,NCT OF Delhi,TIMARPUR
PARAS NATH YADAV,Bhartiya Janta Dal (Integrated),61,NCT OF Delhi,TIMARPUR
VIDYA,Prajatantrik Samajvadi Party,52,NCT OF Delhi,TIMARPUR
None of the Above,None of the Above,555,NCT OF Delhi,TIMARPUR
RAJESH RISHI,Aam Aadmi Party,71802,NCT OF Delhi,JANAKPURI
PROF. JAGDISH MUKHI,Bharatiya Janata Party,46222,NCT OF Delhi,JANAKPURI
SURESH KUMAR,Indian National Congress,4699,NCT OF Delhi,JANAKPURI
HARI PRAKASH SINGH,Bahujan Samaj Party,471,NCT OF Delhi,JANAKPURI
RAVINDRA NATH TIWARI,Independent,223,NCT OF Delhi,JANAKPURI
ANIL GUPTA,Independent,214,NCT OF Delhi,JANAKPURI
RAJENDER SHARMA,Hind Congress Party,162,NCT OF Delhi,JANAKPURI
CHARANJIT SINGH SODHI,Independent,63,NCT OF Delhi,JANAKPURI
PARAMJIT SINGH SAINI,Shivsena,49,NCT OF Delhi,JANAKPURI
None of the Above,None of the Above,483,NCT OF Delhi,JANAKPURI
MAHINDER YADAV,Aam Aadmi Party,132437,NCT OF Delhi,VIKASPURI
SANJAY SINGH,Bharatiya Janata Party,54772,NCT OF Delhi,VIKASPURI
NAND KISHORE,Indian National Congress,19540,NCT OF Delhi,VIKASPURI
RADHEY SHYAM,Bahujan Samaj Party,2139,NCT OF Delhi,VIKASPURI
BHARTI SETH,Independent,1106,NCT OF Delhi,VIKASPURI
MOHD. NAEEM,Nationalist Congress Party,291,NCT OF Delhi,VIKASPURI
SUSHILA DAVI,Independent,283,NCT OF Delhi,VIKASPURI
ANSHU KUMAR,Gareeb Aadmi Party,252,NCT OF Delhi,VIKASPURI
MONCHI,Azad Mazdoor Kissan Party,192,NCT OF Delhi,VIKASPURI
None of the Above,None of the Above,790,NCT OF Delhi,VIKASPURI
NARESH BALYAN,Aam Aadmi Party,85881,NCT OF Delhi,UTTAM NAGAR
PAWAN SHARMA,Bharatiya Janata Party,55462,NCT OF Delhi,UTTAM NAGAR
MUKESH SHARMA,Indian National Congress,20703,NCT OF Delhi,UTTAM NAGAR
ABDUL HAMID BARSHID,Bahujan Samaj Party,884,NCT OF Delhi,UTTAM NAGAR
B. K. JHA,Independent,332,NCT OF Delhi,UTTAM NAGAR
NARENDER KUMAR,Independent,295,NCT OF Delhi,UTTAM NAGAR
JAGPAL SINGHAL,Kalyankari Jantantrik Party,259,NCT OF Delhi,UTTAM NAGAR
NARESH KUMAR,Independent,228,NCT OF Delhi,UTTAM NAGAR
SACHIN KAPOOR,Independent,226,NCT OF Delhi,UTTAM NAGAR
FAQIR CHAND VERMA,Independent,142,NCT OF Delhi,UTTAM NAGAR
SHYAM BHARTEEY,Gareeb Aadmi Party,96,NCT OF Delhi,UTTAM NAGAR
None of the Above,None of the Above,672,NCT OF Delhi,UTTAM NAGAR
ADARSH SHASTRI,Aam Aadmi Party,79729,NCT OF Delhi,DWARKA
PARDUYMN RAJPUT,Bharatiya Janata Party,40363,NCT OF Delhi,DWARKA
MAHABAL MISHRA,Indian National Congress,12532,NCT OF Delhi,DWARKA
AMIT CHAUHAN,Bahujan Samaj Party,608,NCT OF Delhi,DWARKA
PREMCHAND,Communist Party of India  (Marxist),264,NCT OF Delhi,DWARKA
VIVEK KUMAR PANDEY,Independent,242,NCT OF Delhi,DWARKA
SUSHIL BHAGAT,National Youth Party,219,NCT OF Delhi,DWARKA
AJAY KUMAR,Bharat Vishal Party,178,NCT OF Delhi,DWARKA
RAVI SINGH,Independent,128,NCT OF Delhi,DWARKA
SURENDER KUMAR,Rashtriya Krantikari Samajwadi Party,94,NCT OF Delhi,DWARKA
ADARSH KUMAR,Independent,82,NCT OF Delhi,DWARKA
GAUTAM KUMAR,Independent,77,NCT OF Delhi,DWARKA
MUKESH KUMAR TANWAR,Independent,55,NCT OF Delhi,DWARKA
KAMLESHWARI MISTRI,"Proutist Bloc, India",49,NCT OF Delhi,DWARKA
None of the Above,None of the Above,332,NCT OF Delhi,DWARKA
GULAB SINGH,Aam Aadmi Party,127665,NCT OF Delhi,MATIALA
RAJESH GAHLOT,Bharatiya Janata Party,80661,NCT OF Delhi,MATIALA
SUMESH SHOKEEN,Indian National Congress,20284,NCT OF Delhi,MATIALA
SURESH KUMAR PATEL,Rashtriya Bahujan Hitay Party,728,NCT OF Delhi,MATIALA
SANJAY KUMAR,Bahujan Samaj Party,723,NCT OF Delhi,MATIALA
GULAB SINGH,Independent,376,NCT OF Delhi,MATIALA
RAM BILAS MISHRA,Independent,221,NCT OF Delhi,MATIALA
SHRIPAL,Independent,188,NCT OF Delhi,MATIALA
VIRENDRA KUMAR RAI,Rashtriya Janmorcha,155,NCT OF Delhi,MATIALA
RENU PODDAR,"Proutist Bloc, India",127,NCT OF Delhi,MATIALA
RAJESH KUMAR GAHLOT,Independent,125,NCT OF Delhi,MATIALA
RAM CHARAN SAHANI,Shreshthatam Rashtra Party,71,NCT OF Delhi,MATIALA
RAJESH,Independent,55,NCT OF Delhi,MATIALA
None of the Above,None of the Above,1102,NCT OF Delhi,MATIALA
KAILASH GAHLOT,Aam Aadmi Party,55598,NCT OF Delhi,NAJAFGARH
BHARAT SINGH,Indian National Lok Dal,54043,NCT OF Delhi,NAJAFGARH
AJEET SINGH KHARKHARI,Bharatiya Janata Party,39462,NCT OF Delhi,NAJAFGARH
JAI KISHAN SHARMA,Indian National Congress,8180,NCT OF Delhi,NAJAFGARH
RAM SINGH,Bahujan Samaj Party,1108,NCT OF Delhi,NAJAFGARH
BHARAT SINGH,Independent,391,NCT OF Delhi,NAJAFGARH
BAIDYANATH SAH,"Proutist Bloc, India",350,NCT OF Delhi,NAJAFGARH
INDERJEET,Independent,295,NCT OF Delhi,NAJAFGARH
LALIT VASHIST,Independent,259,NCT OF Delhi,NAJAFGARH
DHARAMBIR SINGH,Independent,132,NCT OF Delhi,NAJAFGARH
KAILASH CHAND,Independent,85,NCT OF Delhi,NAJAFGARH
AJIT SINGH,Rashtriya Bahujan Hitay Party,74,NCT OF Delhi,NAJAFGARH
NEELAM,Independent,70,NCT OF Delhi,NAJAFGARH
None of the Above,None of the Above,535,NCT OF Delhi,NAJAFGARH
COL DEVINDER SEHRAWAT,Aam Aadmi Party,65006,NCT OF Delhi,BIJWASAN
SAT PRAKASH RANA,Bharatiya Janata Party,45470,NCT OF Delhi,BIJWASAN
VIJAY SINGH LOCHAV,Indian National Congress,5258,NCT OF Delhi,BIJWASAN
IMTIAZ,Independent,926,NCT OF Delhi,BIJWASAN
YOGESH GAUR,Bahujan Samaj Party,641,NCT OF Delhi,BIJWASAN
PANKAJ KUMAR,Indian National Lok Dal,421,NCT OF Delhi,BIJWASAN
None of the Above,None of the Above,496,NCT OF Delhi,BIJWASAN
BHAVNA GAUR,Aam Aadmi Party,82637,NCT OF Delhi,PALAM
DHRAM DEV SOLANKI,Bharatiya Janata Party,51788,NCT OF Delhi,PALAM
MADAN MOHAN,Indian National Congress,10529,NCT OF Delhi,PALAM
RANBIR SINGH SOLANKI,Bahujan Samaj Party,900,NCT OF Delhi,PALAM
DALIP KUMAR,Communist Party of India,488,NCT OF Delhi,PALAM
VINOD KUMAR SACHAN,Independent,461,NCT OF Delhi,PALAM
SANJAY KUMAR SINGH,Independent,164,NCT OF Delhi,PALAM
KASHI NATH SAH,Independent,153,NCT OF Delhi,PALAM
SHIV KUMAR SAXENA,Hind Congress Party,76,NCT OF Delhi,PALAM
None of the Above,None of the Above,475,NCT OF Delhi,PALAM
SURENDER SINGH,Aam Aadmi Party,40133,NCT OF Delhi,DELHI CANTT
KARAN SINGH TANWAR,Bharatiya Janata Party,28935,NCT OF Delhi,DELHI CANTT
SANDEEP TANWAR,Indian National Congress,7087,NCT OF Delhi,DELHI CANTT
GAYAN CHAND,Bahujan Samaj Party,467,NCT OF Delhi,DELHI CANTT
ANIL KUMAR TANWAR,Independent,210,NCT OF Delhi,DELHI CANTT
SANDEEP,Independent,98,NCT OF Delhi,DELHI CANTT
HEERA LAL,Independent,93,NCT OF Delhi,DELHI CANTT
NARESH KUMAR SHARMA,Hind Congress Party,45,NCT OF Delhi,DELHI CANTT
MAHESH BHARDWAJ,Independent,26,NCT OF Delhi,DELHI CANTT
RAJ KUMAR SAINI,Independent,24,NCT OF Delhi,DELHI CANTT
None of the Above,None of the Above,326,NCT OF Delhi,DELHI CANTT
VIJENDER GARG VIJAY,Aam Aadmi Party,61354,NCT OF Delhi,RAJINDER NAGAR
R. P. SINGH,Bharatiya Janata Party,41303,NCT OF Delhi,RAJINDER NAGAR
BRAHM YADAV,Indian National Congress,8971,NCT OF Delhi,RAJINDER NAGAR
PREM SINGH,Bahujan Samaj Party,1467,NCT OF Delhi,RAJINDER NAGAR
SHABBIR KHAN,Independent,412,NCT OF Delhi,RAJINDER NAGAR
SWADESH OHRI,Atulya Bharat Party,278,NCT OF Delhi,RAJINDER NAGAR
SUNIL KUMAR,Naya Daur Party,232,NCT OF Delhi,RAJINDER NAGAR
SARITA KUMARI,Independent,226,NCT OF Delhi,RAJINDER NAGAR
ASLAM PARVEZ KHAN,Independent,97,NCT OF Delhi,RAJINDER NAGAR
SARFUDDIN ALAM,Independent,95,NCT OF Delhi,RAJINDER NAGAR
None of the Above,None of the Above,472,NCT OF Delhi,RAJINDER NAGAR
PAWAN KUMAR SHARMA,Aam Aadmi Party,54026,NCT OF Delhi,ADARSH NAGAR
RAM KISHAN SINGHAL,Bharatiya Janata Party,33285,NCT OF Delhi,ADARSH NAGAR
MUKESH KUMAR GOEL,Indian National Congress,15341,NCT OF Delhi,ADARSH NAGAR
VIJAY KUMAR AGGARWAL,Independent,694,NCT OF Delhi,ADARSH NAGAR
RAMNIWAS,Bahujan Samaj Party,679,NCT OF Delhi,ADARSH NAGAR
LAL SINGH,Independent,263,NCT OF Delhi,ADARSH NAGAR
SUNIL,Independent,194,NCT OF Delhi,ADARSH NAGAR
NARESH KUMAR CHOUBEY,Bharatiya Jan Kranti Dal (Democratic),108,NCT OF Delhi,ADARSH NAGAR
SUMAN,Republican Party of India (A),73,NCT OF Delhi,ADARSH NAGAR
KRISHNA KUMAR SINGH,Bhartiya Janta Dal (Integrated),61,NCT OF Delhi,ADARSH NAGAR
None of the Above,None of the Above,459,NCT OF Delhi,ADARSH NAGAR
ARVIND KEJRIWAL,Aam Aadmi Party,57213,NCT OF Delhi,NEW DELHI
NUPUR SHARMA,Bharatiya Janata Party,25630,NCT OF Delhi,NEW DELHI
KIRAN WALIA,Indian National Congress,4781,NCT OF Delhi,NEW DELHI
SWAMI OM JI,Akhil Bharat Hindu Mahasabha,373,NCT OF Delhi,NEW DELHI
ANIL KUMAR,Independent,192,NCT OF Delhi,NEW DELHI
RAKESH KUMAR,Bahujan Samaj Party,168,NCT OF Delhi,NEW DELHI
RAVI KUMAR,Nationalist Congress Party,100,NCT OF Delhi,NEW DELHI
SUNIL KUMAR KANDUKURI,Independent,94,NCT OF Delhi,NEW DELHI
MOHD. SIRAJ SAHIL,Samras Samaj Party,48,NCT OF Delhi,NEW DELHI
SANJEEV CHHIBBER,Naya Daur Party,45,NCT OF Delhi,NEW DELHI
SANDEEP SRIVASTAVA,Independent,34,NCT OF Delhi,NEW DELHI
AJIT,Gareeb Aadmi Party,34,NCT OF Delhi,NEW DELHI
PROFESSOR R N SINGH,Vishva SHakti Party,30,NCT OF Delhi,NEW DELHI
None of the Above,None of the Above,465,NCT OF Delhi,NEW DELHI
PRAVEEN KUMAR,Aam Aadmi Party,43927,NCT OF Delhi,JANGPURA
MANINDER SINGH DHIR,Bharatiya Janata Party,23477,NCT OF Delhi,JANGPURA
TARVINDER SINGH MARWAH,Indian National Congress,22662,NCT OF Delhi,JANGPURA
ASHOK,Bahujan Samaj Party,382,NCT OF Delhi,JANGPURA
ANIL KUMAR,Independent,164,NCT OF Delhi,JANGPURA
YOGESH TALWAR,Independent,127,NCT OF Delhi,JANGPURA
ANIL  SINGH,Shivsena,118,NCT OF Delhi,JANGPURA
PARVEEN ARORA,Independent,90,NCT OF Delhi,JANGPURA
VISHWANATH,Naya Daur Party,43,NCT OF Delhi,JANGPURA
None of the Above,None of the Above,314,NCT OF Delhi,JANGPURA
MADAN LAL,Aam Aadmi Party,50766,NCT OF Delhi,KASTURBA NAGAR
RAVINDER  CHOUDHRY,Bharatiya Janata Party,34870,NCT OF Delhi,KASTURBA NAGAR
NEERAJ BASOYA,Indian National Congress,11233,NCT OF Delhi,KASTURBA NAGAR
RAMESH KUMARI,Bahujan Samaj Party,317,NCT OF Delhi,KASTURBA NAGAR
BRIJ PAL,Independent,281,NCT OF Delhi,KASTURBA NAGAR
BEER SINGH NEGI,Samata Sangharsh Party,276,NCT OF Delhi,KASTURBA NAGAR
BISWAMBAR NAYAK,Independent,83,NCT OF Delhi,KASTURBA NAGAR
REKHA WADHWA,Independent,73,NCT OF Delhi,KASTURBA NAGAR
LAXMI DEVI,Bahujan Mukti Party,56,NCT OF Delhi,KASTURBA NAGAR
WG. CDR. (RETD.) K. K .VERMA,Naya Daur Party,34,NCT OF Delhi,KASTURBA NAGAR
MUKESH KUMAR SAXENA,Independent,32,NCT OF Delhi,KASTURBA NAGAR
SUBHASH KANSAL,Hind Congress Party,26,NCT OF Delhi,KASTURBA NAGAR
None of the Above,None of the Above,423,NCT OF Delhi,KASTURBA NAGAR
SOMNATH BHARTI,Aam Aadmi Party,51196,NCT OF Delhi,MALVIYA NAGAR
DR. NANDANI SHARMA,Bharatiya Janata Party,35299,NCT OF Delhi,MALVIYA NAGAR
DR. YOGANAND SHASTRI,Indian National Congress,5555,NCT OF Delhi,MALVIYA NAGAR
DR. SUMAN DHARMVIR,Bahujan Samaj Party,293,NCT OF Delhi,MALVIYA NAGAR
MARKNDAY SHARMA,Navyug Party,184,NCT OF Delhi,MALVIYA NAGAR
SOMNATH,Independent,129,NCT OF Delhi,MALVIYA NAGAR
RAMA KANT SHARMA,Independent,74,NCT OF Delhi,MALVIYA NAGAR
None of the Above,None of the Above,375,NCT OF Delhi,MALVIYA NAGAR
PARMILA TOKAS,Aam Aadmi Party,54645,NCT OF Delhi,R K PURAM
ANIL KUMAR SHARMA,Bharatiya Janata Party,35577,NCT OF Delhi,R K PURAM
LILA DHAR BHATT,Indian National Congress,4042,NCT OF Delhi,R K PURAM
MAHIPAL SINGH,Bahujan Samaj Party,828,NCT OF Delhi,R K PURAM
KUSHMA DEVI,Independent,234,NCT OF Delhi,R K PURAM
RAKESH KUMAR,Hindusthan Nirman Dal,133,NCT OF Delhi,R K PURAM
UDAIBIR SINGH TOKAS,Hind Congress Party,120,NCT OF Delhi,R K PURAM
RAI SINGH,Rashtriya Shakti Party(India),59,NCT OF Delhi,R K PURAM
KULDEEP SINGH AHLAWAT,Independent,54,NCT OF Delhi,R K PURAM
M G RADHAKRISHNAN,Purvanchal Mahapanchayat,43,NCT OF Delhi,R K PURAM
K JEEVAN RITA MURTHY,Republican Party of India (A),38,NCT OF Delhi,R K PURAM
ASIF KHAN,Independent,21,NCT OF Delhi,R K PURAM
None of the Above,None of the Above,462,NCT OF Delhi,R K PURAM
NARESH YADAV,Aam Aadmi Party,58125,NCT OF Delhi,MEHRAULI
SARITA CHAUDHARY,Bharatiya Janata Party,41174,NCT OF Delhi,MEHRAULI
SATBIR SINGH,Indian National Congress,12065,NCT OF Delhi,MEHRAULI
D.K.CHOPRA,Independent,1220,NCT OF Delhi,MEHRAULI
SAROJ VERMA,Bahujan Samaj Party,550,NCT OF Delhi,MEHRAULI
VICHITRA GUPTA,Independent,143,NCT OF Delhi,MEHRAULI
None of the Above,None of the Above,553,NCT OF Delhi,MEHRAULI
KARTAR SINGH TANWAR,Aam Aadmi Party,67645,NCT OF Delhi,CHHATARPUR
BRAHM SINGH TANWAR,Bharatiya Janata Party,45405,NCT OF Delhi,CHHATARPUR
BALRAM TANWAR,Indian National Congress,9339,NCT OF Delhi,CHHATARPUR
AMIT VAID,Rashtriya Lok Dal,627,NCT OF Delhi,CHHATARPUR
BIJENDER,Bahujan Samaj Party,503,NCT OF Delhi,CHHATARPUR
SANJAY KUMAR SINGH,Independent,267,NCT OF Delhi,CHHATARPUR
DINESH TANWAR,Independent,171,NCT OF Delhi,CHHATARPUR
ARCHANA YADAV,Shivsena,98,NCT OF Delhi,CHHATARPUR
None of the Above,None of the Above,547,NCT OF Delhi,CHHATARPUR
PRAKASH,Aam Aadmi Party,96530,NCT OF Delhi,DEOLI
ARVIND KUMAR,Bharatiya Janata Party,32593,NCT OF Delhi,DEOLI
RAJESH CHAUHAN,Indian National Congress,4968,NCT OF Delhi,DEOLI
DALCHAND KAPIL,Bahujan Samaj Party,1569,NCT OF Delhi,DEOLI
PADMA RANI,Hind Congress Party,318,NCT OF Delhi,DEOLI
SIYARAM RAJORA,Samras Samaj Party,223,NCT OF Delhi,DEOLI
None of the Above,None of the Above,502,NCT OF Delhi,DEOLI
AJAY DUTT,Aam Aadmi Party,66632,NCT OF Delhi,AMBEDKAR NAGAR
ASHOK KUMAR,Bharatiya Janata Party,24172,NCT OF Delhi,AMBEDKAR NAGAR
CH. PREM SINGH,Indian National Congress,5336,NCT OF Delhi,AMBEDKAR NAGAR
RAJBIR,Bahujan Samaj Party,815,NCT OF Delhi,AMBEDKAR NAGAR
None of the Above,None of the Above,481,NCT OF Delhi,AMBEDKAR NAGAR
DINESH MOHANIYA,Aam Aadmi Party,72131,NCT OF Delhi,SANGAM VIHAR
SHIV CHARAN LAL GUPTA,Bharatiya Janata Party,28143,NCT OF Delhi,SANGAM VIHAR
VISHAN SWAROOP AGGARWAL,Indian National Congress,3423,NCT OF Delhi,SANGAM VIHAR
SHISH PAL SINGH,Bahujan Samaj Party,3146,NCT OF Delhi,SANGAM VIHAR
SHAHID,Independent,503,NCT OF Delhi,SANGAM VIHAR
DINESH PRASAD JAISWAL,Samras Samaj Party,323,NCT OF Delhi,SANGAM VIHAR
SANDEEP KUMAR,Independent,287,NCT OF Delhi,SANGAM VIHAR
SUKHVIR SINGH,Independent,241,NCT OF Delhi,SANGAM VIHAR
PRADEEP CHAND,Sathi Aur Aapka Faisala Party,179,NCT OF Delhi,SANGAM VIHAR
RAMAWATI,Independent,146,NCT OF Delhi,SANGAM VIHAR
PRAWEEN PRAKASH BHARDWAJ,Purvanchal Mahapanchayat,113,NCT OF Delhi,SANGAM VIHAR
PRADEEP,Hind Congress Party,90,NCT OF Delhi,SANGAM VIHAR
NAZUKAR KHAN,Independent,70,NCT OF Delhi,SANGAM VIHAR
PRADEEP KUMAR,Rashtriya Bahujan Congress Party,60,NCT OF Delhi,SANGAM VIHAR
RAMAASARE YADAV,Naya Daur Party,36,NCT OF Delhi,SANGAM VIHAR
None of the Above,None of the Above,467,NCT OF Delhi,SANGAM VIHAR
AJESH YADAV,Aam Aadmi Party,72795,NCT OF Delhi,BADLI
DEVENDER YADAV,Indian National Congress,37419,NCT OF Delhi,BADLI
RAJESH YADAV,Bharatiya Janata Party,28238,NCT OF Delhi,BADLI
RAKESH KUMAR,SOCIALIST UNITY CENTRE OF INDIA (COMMUNIST),947,NCT OF Delhi,BADLI
ANAND PRAKASH RANA,Independent,729,NCT OF Delhi,BADLI
DR. MD. JAWED HABIB,Bahujan Samaj Party,685,NCT OF Delhi,BADLI
JAI PAL,Independent,293,NCT OF Delhi,BADLI
HARI OM,Independent,202,NCT OF Delhi,BADLI
ANIL SHARMA,Nationalist Congress Party,169,NCT OF Delhi,BADLI
DEVENDER YADAV,Independent,160,NCT OF Delhi,BADLI
None of the Above,None of the Above,713,NCT OF Delhi,BADLI
SAURABH BHARADWAJ,Aam Aadmi Party,57589,NCT OF Delhi,GREATER KAILASH
RAKESH KUMAR GULLAIYA,Bharatiya Janata Party,43006,NCT OF Delhi,GREATER KAILASH
SHARMISTHA MUKHERJEE,Indian National Congress,6102,NCT OF Delhi,GREATER KAILASH
ADITYA,Bahujan Samaj Party,239,NCT OF Delhi,GREATER KAILASH
ASHOK KUMAR,Samaj Parivartan Party,238,NCT OF Delhi,GREATER KAILASH
SANJAY KHATRI,Independent,228,NCT OF Delhi,GREATER KAILASH
ROHIT TYAGI,Nationalist Congress Party,116,NCT OF Delhi,GREATER KAILASH
ASHOK KUMAR SHARMA,Shivsena,76,NCT OF Delhi,GREATER KAILASH
None of the Above,None of the Above,443,NCT OF Delhi,GREATER KAILASH
AVTAR SINGH KALKAJI,Aam Aadmi Party,55104,NCT OF Delhi,KALKAJI
HARMEET SINGH KALKA,Bharatiya Janata Party,35335,NCT OF Delhi,KALKAJI
SUBHASH CHOPRA,Indian National Congress,13552,NCT OF Delhi,KALKAJI
AVTAR SINGH,Independent,666,NCT OF Delhi,KALKAJI
SHASHI PRATAP,Bahujan Samaj Party,491,NCT OF Delhi,KALKAJI
SANJAY AGARWAL,Independent,301,NCT OF Delhi,KALKAJI
R. SINGH CHOUDHARY,Independent,205,NCT OF Delhi,KALKAJI
DR. ANIL KUMAR,Samras Samaj Party,181,NCT OF Delhi,KALKAJI
GURDEEP SINGH,Independent,118,NCT OF Delhi,KALKAJI
DR. KAILASH SHANKER TRIVEDI,Independent,63,NCT OF Delhi,KALKAJI
None of the Above,None of the Above,528,NCT OF Delhi,KALKAJI
SAHI RAM,Aam Aadmi Party,64311,NCT OF Delhi,TUGHLAKABAD
VIKRAM BIDHURI,Bharatiya Janata Party,30610,NCT OF Delhi,TUGHLAKABAD
SACHIN,Indian National Congress,4269,NCT OF Delhi,TUGHLAKABAD
GIRRAJ SINGH,Bahujan Samaj Party,2015,NCT OF Delhi,TUGHLAKABAD
MANOJ KUMAR RAY,Independent,549,NCT OF Delhi,TUGHLAKABAD
ABDUL BASIT,Rashtriya Janata Dal,236,NCT OF Delhi,TUGHLAKABAD
SACHIN KUMAR,Independent,223,NCT OF Delhi,TUGHLAKABAD
SHALINI,Rashtriya Bahujan Congress Party,177,NCT OF Delhi,TUGHLAKABAD
TEJPAL SINGH,Independent,173,NCT OF Delhi,TUGHLAKABAD
REKHA SINGH,Independent,111,NCT OF Delhi,TUGHLAKABAD
None of the Above,None of the Above,383,NCT OF Delhi,TUGHLAKABAD
NARAYAN DUTT SHARMA,Aam Aadmi Party,94242,NCT OF Delhi,BADARPUR
RAMVIR SINGH BIDHURI,Bharatiya Janata Party,46659,NCT OF Delhi,BADARPUR
RAM SINGH NETAJI,Indian National Congress,18930,NCT OF Delhi,BADARPUR
NAR SINGH SHAH,Bahujan Samaj Party,8082,NCT OF Delhi,BADARPUR
PRAKASH SINGH RAWAT,Independent,1088,NCT OF Delhi,BADARPUR
PHUL KUMAR JHA,Samras Samaj Party,350,NCT OF Delhi,BADARPUR
PRAMOD KUMAR,Independent,267,NCT OF Delhi,BADARPUR
OM PRAKASH GUPTA,Independent,221,NCT OF Delhi,BADARPUR
None of the Above,None of the Above,562,NCT OF Delhi,BADARPUR
AMANATULLAH KHAN,Aam Aadmi Party,104271,NCT OF Delhi,OKHLA
BRAHAM SINGH,Bharatiya Janata Party,39739,NCT OF Delhi,OKHLA
ASIF MOHD. KHAN,Indian National Congress,20135,NCT OF Delhi,OKHLA
ANZARUL HAQUE,Indian National League,853,NCT OF Delhi,OKHLA
ASHRAF KAMAL,Bahujan Samaj Party,696,NCT OF Delhi,OKHLA
MOHD. ASLAM,Independent,153,NCT OF Delhi,OKHLA
BURHANUDDIN,Independent,102,NCT OF Delhi,OKHLA
HUMA KAUSAR,Independent,98,NCT OF Delhi,OKHLA
MOHD. NIZAMUDDIN,Samras Samaj Party,92,NCT OF Delhi,OKHLA
None of the Above,None of the Above,519,NCT OF Delhi,OKHLA
RAJU DHINGAN,Aam Aadmi Party,74907,NCT OF Delhi,TRILOKPURI
KIRAN VAIDYA,Bharatiya Janata Party,45153,NCT OF Delhi,TRILOKPURI
BRAHM PAL,Indian National Congress,4149,NCT OF Delhi,TRILOKPURI
DR.GIRISH,Bahujan Samaj Party,2217,NCT OF Delhi,TRILOKPURI
KHUBI RAM,Communist Party of India,380,NCT OF Delhi,TRILOKPURI
PADAM CHAND,Bahujan Mukti Party,271,NCT OF Delhi,TRILOKPURI
RAKESH,Gareeb Aadmi Party,134,NCT OF Delhi,TRILOKPURI
MAHINDER SINGH,Samras Samaj Party,100,NCT OF Delhi,TRILOKPURI
None of the Above,None of the Above,467,NCT OF Delhi,TRILOKPURI
MANOJ KUMAR,Aam Aadmi Party,63185,NCT OF Delhi,KONDLI
HUKAM SINGH,Bharatiya Janata Party,38426,NCT OF Delhi,KONDLI
AMRISH SINGH GAUTAM,Indian National Congress,13562,NCT OF Delhi,KONDLI
CHAMAN KUMAR,Bahujan Samaj Party,8533,NCT OF Delhi,KONDLI
MALA DEVI,Communist Party of India  (Marxist-Leninist)  (Liberation),230,NCT OF Delhi,KONDLI
RAKESH,Independent,193,NCT OF Delhi,KONDLI
SUNIL BABU,Independent,132,NCT OF Delhi,KONDLI
None of the Above,None of the Above,458,NCT OF Delhi,KONDLI
MANISH SISODIA,Aam Aadmi Party,75477,NCT OF Delhi,PATPARGANJ
VINOD KUMAR BINNY,Bharatiya Janata Party,46716,NCT OF Delhi,PATPARGANJ
ANIL KUMAR,Indian National Congress,16260,NCT OF Delhi,PATPARGANJ
NEM SINGH PREMI,Bahujan Samaj Party,1213,NCT OF Delhi,PATPARGANJ
CHHAVI PRAKASH GUPTA,Shivsena,294,NCT OF Delhi,PATPARGANJ
MAHESH PRAKASH,Samras Samaj Party,284,NCT OF Delhi,PATPARGANJ
BHUPENDRA KUMAR RAI,Independent,98,NCT OF Delhi,PATPARGANJ
None of the Above,None of the Above,533,NCT OF Delhi,PATPARGANJ
NITIN TYAGI,Aam Aadmi Party,58229,NCT OF Delhi,LAXMI NAGAR
B. B. TYAGI,Bharatiya Janata Party,53383,NCT OF Delhi,LAXMI NAGAR
DR. ASHOK KUMAR WALIA,Indian National Congress,23627,NCT OF Delhi,LAXMI NAGAR
KAVITA NARAIN,Bahujan Samaj Party,687,NCT OF Delhi,LAXMI NAGAR
VIMAL KUMAR SAXENA,Independent,270,NCT OF Delhi,LAXMI NAGAR
SARVENDRA SINGH PAL,Nationalist Congress Party,165,NCT OF Delhi,LAXMI NAGAR
ZAHEER ABBASI,Republican Party of India,68,NCT OF Delhi,LAXMI NAGAR
None of the Above,None of the Above,420,NCT OF Delhi,LAXMI NAGAR
OM PRAKASH SHARMA,Bharatiya Janata Party,58124,NCT OF Delhi,VISHWAS NAGAR
DR. ATUL GUPTA,Aam Aadmi Party,47966,NCT OF Delhi,VISHWAS NAGAR
NASEEB SINGH,Indian National Congress,20634,NCT OF Delhi,VISHWAS NAGAR
GIRISH CHOUDHARY,Bahujan Samaj Party,854,NCT OF Delhi,VISHWAS NAGAR
JAGDISH,Garib Raj Party,270,NCT OF Delhi,VISHWAS NAGAR
SHOKAT ALI,Hind Congress Party,140,NCT OF Delhi,VISHWAS NAGAR
VIJAY KUMAR JHA,Samras Samaj Party,138,NCT OF Delhi,VISHWAS NAGAR
PRAVEEN KUMAR BHARAT,Bhartiya Jan Manch,95,NCT OF Delhi,VISHWAS NAGAR
None of the Above,None of the Above,499,NCT OF Delhi,VISHWAS NAGAR
MOHINDER GOYAL,Aam Aadmi Party,93470,NCT OF Delhi,RITHALA
KULWANT RANA,Bharatiya Janata Party,64219,NCT OF Delhi,RITHALA
JAGDISH YADAV,Indian National Congress,5367,NCT OF Delhi,RITHALA
PAWAN KAUSHIK,Bahujan Samaj Party,542,NCT OF Delhi,RITHALA
ANURAG MISHRA,Rashtriya Bahujan Hitay Party,266,NCT OF Delhi,RITHALA
SUMEET KUMAR SINHA,Samras Samaj Party,156,NCT OF Delhi,RITHALA
SUNJEET,Delhi Janta Party,127,NCT OF Delhi,RITHALA
VIRENDER JHA,"Proutist Bloc, India",126,NCT OF Delhi,RITHALA
JITENDER SINGH,Asankhya Samaj Party,88,NCT OF Delhi,RITHALA
None of the Above,None of the Above,705,NCT OF Delhi,RITHALA
S K BAGGA  ADVOCATE,Aam Aadmi Party,65919,NCT OF Delhi,KRISHNA NAGAR
KIRAN BEDI,Bharatiya Janata Party,63642,NCT OF Delhi,KRISHNA NAGAR
BANSI LAL,Indian National Congress,6189,NCT OF Delhi,KRISHNA NAGAR
YOGESH KUMAR,Bahujan Samaj Party,501,NCT OF Delhi,KRISHNA NAGAR
CHANDAN LAL PREMI,Communist Party of India,339,NCT OF Delhi,KRISHNA NAGAR
PURNIMA JOHN,Samyak Parivartan Party,169,NCT OF Delhi,KRISHNA NAGAR
VIRENDR PRADHAN,Independent,90,NCT OF Delhi,KRISHNA NAGAR
SAHRUR,Hind Congress Party,73,NCT OF Delhi,KRISHNA NAGAR
ADVOCATE MANJEET SINGH,Independent,53,NCT OF Delhi,KRISHNA NAGAR
JAGBIR SINGH,Rajlok Party,32,NCT OF Delhi,KRISHNA NAGAR
None of the Above,None of the Above,358,NCT OF Delhi,KRISHNA NAGAR
ANIL KUMAR BAJPAI,Aam Aadmi Party,50946,NCT OF Delhi,GANDHI NAGAR
JITENDER,Bharatiya Janata Party,43464,NCT OF Delhi,GANDHI NAGAR
SURENDER PRAKASH SHARMA,Indian National Congress,16228,NCT OF Delhi,GANDHI NAGAR
MD. HAROON,Independent,660,NCT OF Delhi,GANDHI NAGAR
DHARMENDR KUMAR,Bahujan Samaj Party,456,NCT OF Delhi,GANDHI NAGAR
VIJAY SINGH,Shivsena,165,NCT OF Delhi,GANDHI NAGAR
SHAINA,Independent,80,NCT OF Delhi,GANDHI NAGAR
JABBAR ALI,Independent,65,NCT OF Delhi,GANDHI NAGAR
RAJESH KUMAR,Independent,47,NCT OF Delhi,GANDHI NAGAR
None of the Above,None of the Above,492,NCT OF Delhi,GANDHI NAGAR
RAM NIWAS GOEL,Aam Aadmi Party,58523,NCT OF Delhi,SHAHDARA
JITENDER SINGH SHUNTY,Bharatiya Janata Party,46792,NCT OF Delhi,SHAHDARA
NARENDER NATH,Indian National Congress,9423,NCT OF Delhi,SHAHDARA
BEHEN PREETI,Independent,1289,NCT OF Delhi,SHAHDARA
RAJPAL SINGH,Bahujan Samaj Party,1276,NCT OF Delhi,SHAHDARA
HARPAL SINGH KUNDALIYA,Garib Raj Party,235,NCT OF Delhi,SHAHDARA
MANISH GUPTA,Independent,167,NCT OF Delhi,SHAHDARA
PREETI,Independent,86,NCT OF Delhi,SHAHDARA
PREETI,Independent,56,NCT OF Delhi,SHAHDARA
ACHAL SHARMA,Independent,41,NCT OF Delhi,SHAHDARA
None of the Above,None of the Above,368,NCT OF Delhi,SHAHDARA
RAJENDRA PAL GAUTAM,Aam Aadmi Party,79777,NCT OF Delhi,SEEMA PURI
KARAMVIR,Bharatiya Janata Party,30956,NCT OF Delhi,SEEMA PURI
VEER SINGH DHINGAN,Indian National Congress,10674,NCT OF Delhi,SEEMA PURI
JAI SHREE,Bahujan Samaj Party,4103,NCT OF Delhi,SEEMA PURI
AARTI,Garib Raj Party,304,NCT OF Delhi,SEEMA PURI
RAVINDER KUMAR,Independent,228,NCT OF Delhi,SEEMA PURI
None of the Above,None of the Above,499,NCT OF Delhi,SEEMA PURI
SARITA SINGH,Aam Aadmi Party,62209,NCT OF Delhi,ROHTAS NAGAR
JITENDER MAHAJAN,Bharatiya Janata Party,54335,NCT OF Delhi,ROHTAS NAGAR
VIPIN SHARMA,Indian National Congress,15548,NCT OF Delhi,ROHTAS NAGAR
PRAVEEN BANSAL,Bahujan Samaj Party,2115,NCT OF Delhi,ROHTAS NAGAR
ATUL KUMAR,Garib Raj Party,243,NCT OF Delhi,ROHTAS NAGAR
RAISUDDIN,Independent,191,NCT OF Delhi,ROHTAS NAGAR
PAWAN KUMAR,Jammu & Kashmir National Panthers Party,87,NCT OF Delhi,ROHTAS NAGAR
RAJENDRA KUMAR,Rashtriya Bahujan Congress Party,85,NCT OF Delhi,ROHTAS NAGAR
NARESH KUMAR,Independent,67,NCT OF Delhi,ROHTAS NAGAR
RAJEEV SOHI,Shivsena,65,NCT OF Delhi,ROHTAS NAGAR
None of the Above,None of the Above,409,NCT OF Delhi,ROHTAS NAGAR
MOHD. ISHRAQUE,Aam Aadmi Party,57302,NCT OF Delhi,SEELAMPUR
SANJAY JAIN,Bharatiya Janata Party,29415,NCT OF Delhi,SEELAMPUR
CHAUDHARY MATEEN AHMAD,Indian National Congress,23791,NCT OF Delhi,SEELAMPUR
SANDEEP CHODHARY,Bahujan Samaj Party,629,NCT OF Delhi,SEELAMPUR
MANOJ KUMAR,Independent,146,NCT OF Delhi,SEELAMPUR
SARFARAJ,Independent,114,NCT OF Delhi,SEELAMPUR
AKBAR MALIK,Independent,71,NCT OF Delhi,SEELAMPUR
None of the Above,None of the Above,329,NCT OF Delhi,SEELAMPUR
SHRI DUTT SHARMA,Aam Aadmi Party,60906,NCT OF Delhi,GHONDA
SAHAB SINGH CHAUHAN,Bharatiya Janata Party,52813,NCT OF Delhi,GHONDA
BHISHAM SHARMA,Indian National Congress,18892,NCT OF Delhi,GHONDA
RANJEET SINGH CHAUDHARY,Bahujan Samaj Party,1314,NCT OF Delhi,GHONDA
ALTAF HUSAIN,Janata Dal  (United),770,NCT OF Delhi,GHONDA
RAJIV KUMAR,Samras Samaj Party,150,NCT OF Delhi,GHONDA
NAVEEN TIWARI,Shivsena,129,NCT OF Delhi,GHONDA
None of the Above,None of the Above,500,NCT OF Delhi,GHONDA
GOPAL RAI,Aam Aadmi Party,75928,NCT OF Delhi,BABARPUR
NARESH GAUR,Bharatiya Janata Party,40440,NCT OF Delhi,BABARPUR
ZAKIR KHAN,Indian National Congress,9916,NCT OF Delhi,BABARPUR
MOHD ABDUL HAQ,Bahujan Samaj Party,754,NCT OF Delhi,BABARPUR
MOHD SHAHIN,Independent,149,NCT OF Delhi,BABARPUR
ANIL KUMAR SHARMA,Rashtriya Bahujan Congress Party,141,NCT OF Delhi,BABARPUR
KESAR,Peace Party,96,NCT OF Delhi,BABARPUR
PRADEEP JAIN,Independent,87,NCT OF Delhi,BABARPUR
ARUN THAKUR,Samyak Parivartan Party,62,NCT OF Delhi,BABARPUR
NADEEM AHMAD,Independent,52,NCT OF Delhi,BABARPUR
MOHD  NAZIR,Aman Samaj Party,48,NCT OF Delhi,BABARPUR
MOHD ARIF,Independent,43,NCT OF Delhi,BABARPUR
FAZUL RAHMAN,Independent,43,NCT OF Delhi,BABARPUR
None of the Above,None of the Above,290,NCT OF Delhi,BABARPUR
FATEH SINGH,Aam Aadmi Party,71240,NCT OF Delhi,GOKALPUR
RANJEET SINGH,Bharatiya Janata Party,39272,NCT OF Delhi,GOKALPUR
SURENDRA KUMAR,Bahujan Samaj Party,30080,NCT OF Delhi,GOKALPUR
KU. RINKU,Indian National Congress,3344,NCT OF Delhi,GOKALPUR
MANGE RAM,Bhartiya Sarvodaya Party,1241,NCT OF Delhi,GOKALPUR
MANOJ KUMAR,Garib Raj Party,384,NCT OF Delhi,GOKALPUR
VEER PAL SINGH,Independent,153,NCT OF Delhi,GOKALPUR
None of the Above,None of the Above,526,NCT OF Delhi,GOKALPUR
JAGDISH PRADHAN,Bharatiya Janata Party,58388,NCT OF Delhi,MUSTAFABAD
HASAN AHMED,Indian National Congress,52357,NCT OF Delhi,MUSTAFABAD
MOHD YUNUS,Aam Aadmi Party,49791,NCT OF Delhi,MUSTAFABAD
NEERU CHAUDHARY,Bahujan Samaj Party,2893,NCT OF Delhi,MUSTAFABAD
ALI ABBAS,Hind Congress Party,418,NCT OF Delhi,MUSTAFABAD
SHER KHA MALIK,Independent,399,NCT OF Delhi,MUSTAFABAD
JAI SINGH CHAUDHARY,Independent,169,NCT OF Delhi,MUSTAFABAD
SARFUDDIN,Gareeb Aadmi Party,138,NCT OF Delhi,MUSTAFABAD
KALI CHARAN,Independent,129,NCT OF Delhi,MUSTAFABAD
None of the Above,None of the Above,587,NCT OF Delhi,MUSTAFABAD
VED PARKASH,Aam Aadmi Party,109259,NCT OF Delhi,BAWANA
GUGAN SINGH,Bharatiya Janata Party,59236,NCT OF Delhi,BAWANA
SURENDER KUMAR,Indian National Congress,14846,NCT OF Delhi,BAWANA
GAJANAND,Bahujan Samaj Party,3657,NCT OF Delhi,BAWANA
AMOD PASWAN,Bhartiya Janta Dal,426,NCT OF Delhi,BAWANA
RAM BABU,Rashtriya Bahujan Hitay Party,366,NCT OF Delhi,BAWANA
None of the Above,None of the Above,870,NCT OF Delhi,BAWANA
KAPIL MISHRA,Aam Aadmi Party,101865,NCT OF Delhi,KARAWAL NAGAR
MOHAN SINGH BISHT,Bharatiya Janata Party,57434,NCT OF Delhi,KARAWAL NAGAR
SATAN PAL DAYMA,Indian National Congress,5362,NCT OF Delhi,KARAWAL NAGAR
DHARMENDRA SINGH,Bahujan Samaj Party,2202,NCT OF Delhi,KARAWAL NAGAR
RANJIT TIWARI,Communist Party of India  (Marxist),712,NCT OF Delhi,KARAWAL NAGAR
SUNDER SINGH DEDHA,Independent,696,NCT OF Delhi,KARAWAL NAGAR
DHARM DASS,Rashtriya Bahujan Hitay Party,279,NCT OF Delhi,KARAWAL NAGAR
JOGINDER SINGH,Independent,211,NCT OF Delhi,KARAWAL NAGAR
SHYAM PAL SINGH,National Apni Party,151,NCT OF Delhi,KARAWAL NAGAR
SARYUG NARYAN,Samras Samaj Party,146,NCT OF Delhi,KARAWAL NAGAR
ANIL KUMAR,Asankhya Samaj Party,144,NCT OF Delhi,KARAWAL NAGAR
PRAHLAD KUMAR GUPTA,Hindusthan Nirman Dal,115,NCT OF Delhi,KARAWAL NAGAR
None of the Above,None of the Above,888,NCT OF Delhi,KARAWAL NAGAR
SUKHVIR SINGH,Aam Aadmi Party,94206,NCT OF Delhi,MUNDKA
AZAD SINGH,Bharatiya Janata Party,53380,NCT OF Delhi,MUNDKA
REETA,Indian National Congress,13446,NCT OF Delhi,MUNDKA
OM PRAKASH,Bahujan Samaj Party,778,NCT OF Delhi,MUNDKA
RAVI SWAROOP,Rashtriya Bahujan Hitay Party,550,NCT OF Delhi,MUNDKA
UDEY VIR,Samras Samaj Party,361,NCT OF Delhi,MUNDKA
VIRENDER SINGH,Independent,341,NCT OF Delhi,MUNDKA
RAMBALI SHAH,Independent,240,NCT OF Delhi,MUNDKA
ANIL KUMAR,Independent,179,NCT OF Delhi,MUNDKA
VIJAY KUMAR GARG,Delhi Janta Party,157,NCT OF Delhi,MUNDKA
JASMER SINGH,Gareeb Aadmi Party,117,NCT OF Delhi,MUNDKA
RAJ KUMAR PARIHAR,Nationalist Congress Party,110,NCT OF Delhi,MUNDKA
LAXMI,Republican Party of India,78,NCT OF Delhi,MUNDKA
KARAM CHAND LATHWAL,Bhartiya Pragatisheel Congress,61,NCT OF Delhi,MUNDKA
RAKESH SHARMA,All India Forward Bloc,52,NCT OF Delhi,MUNDKA
None of the Above,None of the Above,576,NCT OF Delhi,MUNDKA
RITURAJ GOVIND,Aam Aadmi Party,97727,NCT OF Delhi,KIRARI
ANIL JHA,Bharatiya Janata Party,52555,NCT OF Delhi,KIRARI
PRATYUSH KANTH,Indian National Congress,2086,NCT OF Delhi,KIRARI
D.N. BHAGAT KUSHWAHA,Bahujan Samaj Party,2021,NCT OF Delhi,KIRARI
AMRESH SHARMA,Deshbhakt Nirman Party,1499,NCT OF Delhi,KIRARI
PUSPRAJ SINGH,Independent,763,NCT OF Delhi,KIRARI
BANSHIDHAR MISHRA,Hind Congress Party,339,NCT OF Delhi,KIRARI
RASAT GARG,Poorvanchal Rashtriya Congress,258,NCT OF Delhi,KIRARI
ABINAV SANJAY PRAJAPATI,Nationalist Congress Party,224,NCT OF Delhi,KIRARI
RAJINDER KUMAR,Shivsena,173,NCT OF Delhi,KIRARI
None of the Above,None of the Above,840,NCT OF Delhi,KIRARI
