Constituency,State,Winner,WinnerParty,WinnerVotes,RunnerUp,RunnerUpParty,RunnerUpVotes,Margin
Mumbai North West,Maharashtra,RAVINDRA DATTARAM WAIKAR,Shiv Sena,452644.0,AMOL GAJANAN KIRTIKAR,Shiv Sena (Uddhav Balasaheb Thackrey),452596.0,48.0
Attingal,Kerala,ADV ADOOR PRAKASH,Indian National Congress,328051.0,V JOY,Communist Party of India  (Marxist),327367.0,684.0
Jajpur,Odisha,RABINDRA NARAYAN BEHERA,Bharatiya Janata Party,534239.0,SARMISTHA SETHI,Biju Janata Dal,532652.0,1587.0
JAIPUR RURAL,Rajasthan,RAO RAJENDRA SINGH,Bharatiya Janata Party,617877.0,ANIL CHOPRA,Indian National Congress,616262.0,1615.0
KANKER,Chhattisgarh,BHOJRAJ NAG,Bharatiya Janata Party,597624.0,BIRESH THAKUR,Indian National Congress,595740.0,1884.0
Chandigarh,Chandigarh,MANISH TEWARI,Indian National Congress,216657.0,SANJAY TANDON,Bharatiya Janata Party,214153.0,2504.0
Hamirpur,Uttar Pradesh,AJENDRA SINGH LODHI,Samajwadi Party,490683.0,KUNWAR PUSHPENDRA SINGH CHANDEL,Bharatiya Janata Party,488054.0,2629.0
Lakshadweep,Lakshadweep,MUHAMMED HAMDULLAH SAYEED,Indian National Congress,25726.0,MOHAMMED FAIZAL PP,Nationalist Congress Party – Sharadchandra Pawar,23079.0,2647.0
Farrukhabad,Uttar Pradesh,MUKESH RAJPUT,Bharatiya Janata Party,487963.0,DR. NAVAL KISHOR SHAKYA,Samajwadi Party,485285.0,2678.0
Bansgaon,Uttar Pradesh,KAMLESH PASWAN,Bharatiya Janata Party,428693.0,SADAL PRASAD,Indian National Congress,425543.0,3150.0
Firozpur,Punjab,SHER SINGH GHUBAYA,Indian National Congress,266626.0,JAGDEEP SINGH KAKA BRAR,Aam Aadmi Party,263384.0,3242.0
Salempur,Uttar Pradesh,RAMASHANKAR RAJBHAR,Samajwadi Party,405472.0,RAVINDAR KUSHAWAHA,Bharatiya Janata Party,401899.0,3573.0
Dhule,Maharashtra,BACHHAV SHOBHA DINESH,Indian National Congress,583866.0,BHAMRE SUBHASH RAMRAO,Bharatiya Janata Party,580035.0,3831.0
Phulpur,Uttar Pradesh,PRAVEEN PATEL,Bharatiya Janata Party,452600.0,AMAR NATH SINGH MAURYA,Samajwadi Party,448268.0,4332.0
VIRUDHUNAGAR,Tamil Nadu,MANICKAM TAGORE B,Indian National Congress,385256.0,VIJAYAPRABHAKARAN V,Desiya Murpokku Dravida Kazhagam,380877.0,4379.0
Dhaurahra,Uttar Pradesh,ANAND BHADAURIYA,Samajwadi Party,443743.0,REKHA VERMA,Bharatiya Janata Party,439294.0,4449.0
Mahbubnagar,Telangana,ARUNA. D. K,Bharatiya Janata Party,510747.0,CHALLA VAMSHI CHAND REDDY,Indian National Congress,506247.0,4500.0
Bishnupur,West Bengal,KHAN SAUMITRA,Bharatiya Janata Party,680130.0,SUJATA MONDAL,All India Trinamool Congress,674563.0,5567.0
Daman & Diu,Dadra & Nagar Haveli and Daman & Diu,PATEL UMESHBHAI BABUBHAI,Independent,42523.0,LALUBHAI BABUBHAI PATEL,Bharatiya Janata Party,36298.0,6225.0
Arambagh,West Bengal,BAG MITALI,All India Trinamool Congress,712587.0,ARUP KANTI DIGAR,Bharatiya Janata Party,706188.0,6399.0
Beed,Maharashtra,BAJRANG MANOHAR SONWANE,Nationalist Congress Party – Sharadchandra Pawar,683950.0,PANKAJA GOPINATHRAO MUNDE,Bharatiya Janata Party,677397.0,6553.0
Balurghat,West Bengal,SUKANTA MAJUMDAR,Bharatiya Janata Party,574996.0,BIPLAB MITRA,All India Trinamool Congress,564610.0,10386.0
Meerut,Uttar Pradesh,ARUN GOVIL,Bharatiya Janata Party,546469.0,SUNITA VERMA,Samajwadi Party,535884.0,10585.0
Anandpur Sahib,Punjab,MALVINDER SINGH KANG,Aam Aadmi Party,313217.0,VIJAY INDER SINGLA,Indian National Congress,302371.0,10846.0
Mavelikkara,Kerala,KODIKUNNIL SURESH,Indian National Congress,369516.0,ADV ARUN KUMAR C A,Communist Party of India,358648.0,10868.0
Hatkanangale,Maharashtra,DHAIRYASHEEL SAMBHAJIRAO MANE,Shiv Sena,520190.0,SATYAJEET BABASAHEB PATIL (AABA) SARUDKAR,Shiv Sena (Uddhav Balasaheb Thackrey),506764.0,13426.0
South Goa,Goa,CAPTAIN  VIRIATO FERNANDES,Indian National Congress,217836.0,PALLAVI SHRINIVAS DEMPO,Bharatiya Janata Party,204301.0,13535.0
Saran,Bihar,RAJIV PRATAP RUDY,Bharatiya Janata Party,471752.0,ROHINI ACHARYA,Rashtriya Janata Dal,458091.0,13661.0
Thirupathi,Andhra Pradesh,GURUMOORTHY MADDILA,Yuvajana Sramika Rythu Congress Party,632228.0,VARA PRASAD RAO VELAGAPALLI,Bharatiya Janata Party,617659.0,14569.0
Patiala,Punjab,DR DHARAMVIRA GANDHI,Indian National Congress,305616.0,DR BALBIR SINGH,Aam Aadmi Party,290785.0,14831.0
Aligarh,Uttar Pradesh,SATISH KUMAR GAUTAM,Bharatiya Janata Party,501834.0,BIJENDRA SINGH,Samajwadi Party,486187.0,15647.0
Aonla,Uttar Pradesh,NEERAJ MAURYA,Samajwadi Party,492515.0,DHARMENDRA KASHYAP,Bharatiya Janata Party,476546.0,15969.0
Thiruvananthapuram,Kerala,SHASHI THAROOR,Indian National Congress,358155.0,RAJEEV CHANDRASEKHAR,Bharatiya Janata Party,342078.0,16077.0
Mumbai North Central,Maharashtra,GAIKWAD VARSHA EKNATH,Indian National Congress,445545.0,ADV UJWAL NIKAM,Bharatiya Janata Party,429031.0,16514.0
Purulia,West Bengal,JYOTIRMAY SINGH MAHATO,Bharatiya Janata Party,578489.0,SHANTIRAM MAHATO,All India Trinamool Congress,561410.0,17079.0
JHUNJHUNU,Rajasthan,BRIJENDRA SINGH OLA,Indian National Congress,553168.0,SHUBHKARAN CHOUDHARY,Bharatiya Janata Party,534933.0,18235.0
Karimganj,Assam,KRIPANATH MALLAH,Bharatiya Janata Party,545093.0,HAFIZ RASHID AHMED CHOUDHURY,Indian National Congress,526733.0,18360.0
Sasaram,Bihar,MANOJ KUMAR,Indian National Congress,513004.0,SHIVESH KUMAR,Bharatiya Janata Party,493847.0,19157.0
Amravati,Maharashtra,BALWANT BASWANT WANKHADE,Indian National Congress,526271.0,NAVNEET RAVI RANA,Bharatiya Janata Party,506540.0,19731.0
Araria,Bihar,PRADEEP KUMAR SINGH,Bharatiya Janata Party,600146.0,SHAHNAWAZ,Rashtriya Janata Dal,580052.0,20094.0
Alathur,Kerala,K.RADHAKRISHNAN,Communist Party of India  (Marxist),403447.0,RAMYA HARIDAS,Indian National Congress,383336.0,20111.0
Ludhiana,Punjab,AMRINDER SINGH RAJA WARRING,Indian National Congress,322224.0,RAVNEET SINGH BITTU,Bharatiya Janata Party,301282.0,20942.0
Kanpur,Uttar Pradesh,RAMESH AWASTHI,Bharatiya Janata Party,443055.0,ALOK MISRA,Indian National Congress,422087.0,20968.0
DHARMAPURI,Tamil Nadu,MANI. A.,Dravida Munnetra Kazhagam,432667.0,SOWMIYA ANBUMANI,Pattali Makkal Katchi,411367.0,21300.0
Kandhamal,Odisha,SUKANTA KUMAR PANIGRAHI,Bharatiya Janata Party,416415.0,ACHYUTANANDA SAMANTA,Biju Janata Dal,395044.0,21371.0
Chandauli,Uttar Pradesh,BIRENDRA SINGH,Samajwadi Party,474476.0,DR. MAHENDRA NATH  PANDEY,Bharatiya Janata Party,452911.0,21565.0
SONIPAT,Haryana,SATPAL BRAHAMCHARI,Indian National Congress,548682.0,MOHAN LAL BADOLI,Bharatiya Janata Party,526866.0,21816.0
Dumka,Jharkhand,NALIN SOREN,Jharkhand Mukti Morcha,547370.0,SITA MURMU,Bharatiya Janata Party,524843.0,22527.0
Purnia,Bihar,RAJESH RANJAN ALIAS PAPPU YADAV,Independent,567556.0,SANTOSH KUMAR,Janata Dal  (United),543709.0,23847.0
Andaman & Nicobar Islands,Andaman & Nicobar Islands,BISHNU PADA RAY,Bharatiya Janata Party,102436.0,KULDEEP RAI SHARMA,Indian National Congress,78040.0,24396.0
Muzaffarnagar,Uttar Pradesh,HARENDRA SINGH MALIK,Samajwadi Party,470721.0,SANJEEV KUMAR BALYAN,Bharatiya Janata Party,446049.0,24672.0
Davanagere,Karnataka,DR. PRABHA MALLIKARJUN,Indian National Congress,633059.0,GAYITHRI SIDDESHWARA,Bharatiya Janata Party,606965.0,26094.0
Medinipur,West Bengal,JUNE MALIAH,All India Trinamool Congress,702192.0,AGNIMITRA PAUL,Bharatiya Janata Party,675001.0,27191.0
Gulbarga,Karnataka,RADHAKRISHNA,Indian National Congress,652321.0,DR. UMESH G JADHAV,Bharatiya Janata Party,625116.0,27205.0
Hardoi,Uttar Pradesh,JAI PRAKASH,Bharatiya Janata Party,486798.0,USHA VERMA,Samajwadi Party,458942.0,27856.0
Ladakh,Ladakh,MOHMAD HANEEFA,Independent,65259.0,TSERING NAMGYAL,Indian National Congress,37397.0,27862.0
Etah,Uttar Pradesh,DEVESH SHAKYA,Samajwadi Party,475808.0,RAJVEER SINGH (RAJU BHAIYA),Bharatiya Janata Party,447756.0,28052.0
Amroha,Uttar Pradesh,KANWAR SINGH TANWAR,Bharatiya Janata Party,476506.0,KUNWAR DANISH ALI,Indian National Congress,447836.0,28670.0
Ahmednagar,Maharashtra,NILESH DNYANDEV LANKE,Nationalist Congress Party – Sharadchandra Pawar,624797.0,DR. SUJAY RADHAKRISHNA VIKHEPATIL,Bharatiya Janata Party,595868.0,28929.0
KURUKSHETRA,Haryana,NAVEEN JINDAL,Bharatiya Janata Party,542175.0,DR SUSHIL GUPTA,Aam Aadmi Party,513154.0,29021.0
NAMAKKAL,Tamil Nadu,MATHESWARAN V S,Dravida Munnetra Kazhagam,462036.0,TAMILMANI S,All India Anna Dravida Munnetra Kazhagam,432924.0,29112.0
Sheohar,Bihar,LOVELY ANAND,Janata Dal  (United),476612.0,RITU JAISWAL,Rashtriya Janata Dal,447469.0,29143.0
Buldhana,Maharashtra,JADHAV PRATAPRAO GANPATRAO,Shiv Sena,349867.0,NARENDRA DAGDU KHEDEKAR,Shiv Sena (Uddhav Balasaheb Thackrey),320388.0,29479.0
Mumbai North East,Maharashtra,SANJAY DINA PATIL,Shiv Sena (Uddhav Balasaheb Thackrey),450937.0,MIHIR CHANDRAKANT KOTECHA,Bharatiya Janata Party,421076.0,29861.0
Buxar,Bihar,SUDHAKAR SINGH,Rashtriya Janata Dal,438345.0,MITHILESH TIWARI,Bharatiya Janata Party,408254.0,30091.0
Banaskantha,Gujarat,GENIBEN NAGAJI THAKOR,Indian National Congress,671883.0,DR. REKHABEN HITESHBHAI CHAUDHARI,Bharatiya Janata Party,641477.0,30406.0
Arunachal East,Arunachal Pradesh,TAPIR GAO,Bharatiya Janata Party,145581.0,BOSIRAM SIRAM,Indian National Congress,115160.0,30421.0
Patan,Gujarat,DABHI  BHARATSINHJI  SHANKARJI,Bharatiya Janata Party,591947.0,CHANDANJI TALAJI THAKOR,Indian National Congress,560071.0,31876.0
Bangalore central,Karnataka,P C MOHAN,Bharatiya Janata Party,658915.0,MANSOOR ALI KHAN,Indian National Congress,626208.0,32707.0
Satara,Maharashtra,SHRIMANT CHH UDAYANRAJE PRATAPSINHAMAHARAJ BHONSLE,Bharatiya Janata Party,571134.0,SHASHIKANT JAYVANTRAO SHINDE,Nationalist Congress Party – Sharadchandra Pawar,538363.0,32771.0
Bankura,West Bengal,ARUP CHAKRABORTY,All India Trinamool Congress,641813.0,DR. SUBHAS SARKAR,Bharatiya Janata Party,609035.0,32778.0
Fatehpur,Uttar Pradesh,NARESH CHANDRA UTTAM PATEL,Samajwadi Party,500328.0,NIRANJAN JYOTI,Bharatiya Janata Party,467129.0,33199.0
Misrikh,Uttar Pradesh,ASHOK KUMAR RAWAT,Bharatiya Janata Party,475016.0,SANGITA RAJVANSHI,Samajwadi Party,441610.0,33406.0
Fatehgarh Sahib,Punjab,AMAR SINGH,Indian National Congress,332591.0,GURPREET SINGH GP,Aam Aadmi Party,298389.0,34202.0
Kheri,Uttar Pradesh,UTKARSH VERMA  'MADHUR',Samajwadi Party,557365.0,AJAY KUMAR,Bharatiya Janata Party,523036.0,34329.0
Bareilly,Uttar Pradesh,CHHATRA PAL SINGH GANGWAR,Bharatiya Janata Party,567127.0,PRAVEEN SINGH ARON,Samajwadi Party,532323.0,34804.0
Deoria,Uttar Pradesh,SHASHANK MANI,Bharatiya Janata Party,504541.0,AKHILESH PRATAP SINGH,Indian National Congress,469699.0,34842.0
Badaun,Uttar Pradesh,ADITYA YADAV,Samajwadi Party,501855.0,DURVIJAY SINGH SHAKYA,Bharatiya Janata Party,466864.0,34991.0
Bhubaneswar,Odisha,APARAJITA SARANGI,Bharatiya Janata Party,512519.0,MANMATH KUMAR ROUTRAY,Biju Janata Dal,477367.0,35152.0
Maharajganj,Uttar Pradesh,PANKAJ CHAUDHARY,Bharatiya Janata Party,591310.0,VIRENDRA CHAUDHARY,Indian National Congress,555859.0,35451.0
Unnao,Uttar Pradesh,SWAMI SACHCHIDANAND HARI SAKSHI,Bharatiya Janata Party,616133.0,ANNU TANDON,Samajwadi Party,580315.0,35818.0
Machhlishahr,Uttar Pradesh,PRIYA SAROJ,Samajwadi Party,451292.0,BHOLANATH (B.P. SAROJ),Bharatiya Janata Party,415442.0,35850.0
Bhandara Gondiya,Maharashtra,DR. PRASHANT YADAORAO PADOLE,Indian National Congress,587413.0,SUNIL BABURAO MENDHE,Bharatiya Janata Party,550033.0,37380.0
Bijnor,Uttar Pradesh,CHANDAN CHAUHAN,Rashtriya Lok Dal,404493.0,DEEPAK,Samajwadi Party,366985.0,37508.0
Mirzapur,Uttar Pradesh,ANUPRIYA PATEL,Apna Dal (Soneylal),471631.0,RAMESH CHAND BIND,Samajwadi Party,433821.0,37810.0
Medak,Telangana,MADHAVANENI RAGHUNANDAN RAO,Bharatiya Janata Party,471217.0,NEELAM MADHU,Indian National Congress,432078.0,39139.0
Coochbehar,West Bengal,JAGADISH CHANDRA BARMA BASUNIA,All India Trinamool Congress,788375.0,NISITH PRAMANIK,Bharatiya Janata Party,749125.0,39250.0
Amritsar,Punjab,GURJEET SINGH AUJLA,Indian National Congress,255181.0,KULDEEP SINGH DHALIWAL,Aam Aadmi Party,214880.0,40301.0
Akola,Maharashtra,ANUP SANJAY DHOTRE,Bharatiya Janata Party,457030.0,ABHAY KASHINATH PATIL,Indian National Congress,416404.0,40626.0
Jagatsinghpur,Odisha,BIBHU PRASAD TARAI,Bharatiya Janata Party,589093.0,DR. RAJASHREE MALLICK,Biju Janata Dal,548397.0,40696.0
BHIWANI,Haryana,DHARAMBIR SINGH,Bharatiya Janata Party,588664.0,RAO DAN SINGH,Indian National Congress,547154.0,41510.0
KOTA,Rajasthan,OM BIRLA,Bharatiya Janata Party,750496.0,PRAHLAD GUNJAL,Indian National Congress,708522.0,41974.0
North,NCT OF Delhi,YOGENDER CHANDOLIYA,Bharatiya Janata Party,866483.0,MANOJ TIWARI,Bharatiya Janata Party,824451.0,42032.0
NAGAUR,Rajasthan,HANUMAN BENIWAL,Rashtriya Loktantrik Party,596955.0,JYOTI MIRDHA,Bharatiya Janata Party,554730.0,42225.0
Hassan,Karnataka,SHREYAS. M. PATEL,Indian National Congress,672988.0,PRAJWAL REVANNA,Janata Dal  (Secular),630339.0,42649.0
Domariyaganj,Uttar Pradesh,JAGDAMBIKA PAL,Bharatiya Janata Party,463303.0,BHISHMA SHANKAR ALIAS KUSHAL TIWARI,Samajwadi Party,420575.0,42728.0
Sultanpur,Uttar Pradesh,RAMBHUAL NISHAD,Samajwadi Party,444330.0,MANEKA SANJAY GANDHI,Bharatiya Janata Party,401156.0,43174.0
KORBA,Chhattisgarh,JYOTSNA CHARANDAS MAHANT,Indian National Congress,570182.0,SAROJ PANDEY,Bharatiya Janata Party,526899.0,43283.0
Ballia,Uttar Pradesh,SANATAN PANDEY,Samajwadi Party,467068.0,NEERAJ SHEKHAR,Bharatiya Janata Party,423684.0,43384.0
Fatehpur Sikri,Uttar Pradesh,RAJKUMAR CHAHAR,Bharatiya Janata Party,445657.0,RAMNATH SINGH SIKARWAR,Indian National Congress,402252.0,43405.0
Haveri,Karnataka,BASAVARAJ BOMMAI,Bharatiya Janata Party,705538.0,ANANDSWAMY GADDADEVARMATH,Indian National Congress,662025.0,43513.0
Bhadohi,Uttar Pradesh,DR. VINOD KUMAR BIND,Bharatiya Janata Party,459982.0,LALITESHPATI TRIPATHI,All India Trinamool Congress,415910.0,44072.0
Hoshiarpur,Punjab,DR. RAJ KUMAR CHABBEWAL,Aam Aadmi Party,303859.0,YAMINI GOMAR,Indian National Congress,259748.0,44111.0
Akbarpur,Uttar Pradesh,DEVENDRA SINGH ALIAS BHOLE SINGH,Bharatiya Janata Party,517423.0,RAJARAM PAL,Samajwadi Party,473078.0,44345.0
RAJNANDGAON,Chhattisgarh,SANTOSH PANDEY,Bharatiya Janata Party,712057.0,BHUPESH BAGHEL,Indian National Congress,667646.0,44411.0
Zahirabad,Telangana,SURESH KUMAR SHETKAR,Indian National Congress,528418.0,B. B. PATIL,Bharatiya Janata Party,482230.0,46188.0
Gonda,Uttar Pradesh,KIRTIVARDHAN SINGH,Bharatiya Janata Party,474258.0,SHREYA VERMA,Samajwadi Party,428034.0,46224.0
Koppal,Karnataka,K. RAJASHEKAR BASAVARAJ HITNAL,Indian National Congress,663511.0,DR . BASAVARAJ. K. SHARANAPPA,Bharatiya Janata Party,617154.0,46357.0
Kanthi,West Bengal,ADHIKARI SOUMENDU,Bharatiya Janata Party,763195.0,UTTAM BARIK SON OF LATE BIRENDRA BARIK,All India Trinamool Congress,715431.0,47764.0
Ratnagiri,Maharashtra,NARAYAN TATU RANE,Bharatiya Janata Party,448514.0,VINAYAK BHAURAO RAUT,Shiv Sena (Uddhav Balasaheb Thackrey),400656.0,47858.0
Chitradurga,Karnataka,GOVIND MAKTHAPPA KARJOL,Bharatiya Janata Party,684890.0,B.N.CHANDRAPPA,Indian National Congress,636769.0,48121.0
ALWAR,Rajasthan,BHUPENDER YADAV,Bharatiya Janata Party,631992.0,LALIT YADAV,Indian National Congress,583710.0,48282.0
AMBALA,Haryana,VARUN CHAUDHRY,Indian National Congress,663657.0,BANTO KATARIA,Bharatiya Janata Party,614621.0,49036.0
Bathinda,Punjab,HARSIMRAT KAUR BADAL,Shiromani Akali Dal,376558.0,GURMEET SINGH KHUDIAN,Aam Aadmi Party,326902.0,49656.0
Katihar,Bihar,TARIQ ANWAR,Indian National Congress,567092.0,DULAL CHANDRA GOSWAMI,Janata Dal  (United),517229.0,49863.0
Secunderabad,Telangana,G. KISHAN REDDY,Bharatiya Janata Party,473012.0,DANAM NAGENDER,Indian National Congress,423068.0,49944.0
Ongole,Andhra Pradesh,MAGUNTA SREENIVASULU REDDY,Telugu Desam,701894.0,DR CHEVIREDDY BHASKAR REDD,Yuvajana Sramika Rythu Congress Party,651695.0,50199.0
Shirdi,Maharashtra,BHAUSAHEB RAJARAM WAKCHAURE,Shiv Sena (Uddhav Balasaheb Thackrey),476900.0,LOKHANDE SADASHIV KISAN,Shiv Sena,426371.0,50529.0
Araku,Andhra Pradesh,GUMMA THANUJA RANI,Yuvajana Sramika Rythu Congress Party,477005.0,KOTHAPALLI GEETHA,Bharatiya Janata Party,426425.0,50580.0
Nagaland,Nagaland,S SUPONGMEREN JAMIR,Indian National Congress,401951.0,DR CHUMBEN MURRY,Nationalist Democratic Progressive Party,350967.0,50984.0
Sitamarhi,Bihar,DEVESH CHANDRA THAKUR,Janata Dal  (United),515719.0,ARJUN RAY,Rashtriya Janata Dal,464363.0,51356.0
Kokrajhar,Assam,JOYANTA BASUMATARY,"United People’s Party, Liberal",488995.0,KAMPA BORGOYARI,Bodoland Peoples Front,437412.0,51583.0
BHARATPUR,Rajasthan,SANJNA JATAV,Indian National Congress,579890.0,RAMSWAROOP KOLI,Bharatiya Janata Party,527907.0,51983.0
MORENA,Madhya Pradesh,SHIVMANGAL SINGH TOMAR,Bharatiya Janata Party,515477.0,NEETU SATYAPAL SINGH SIKARWAR,Indian National Congress,462947.0,52530.0
Mumbai South,Maharashtra,ARVIND GANPAT SAWANT,Shiv Sena (Uddhav Balasaheb Thackrey),395655.0,YAMINI YASHWANT JADHAV,Shiv Sena,342982.0,52673.0
Mumbai South Central,Maharashtra,ANIL YESHWANT DESAI,Shiv Sena (Uddhav Balasaheb Thackrey),395138.0,RAHUL RAMESH SHEWALE,Shiv Sena,341754.0,53384.0
KALLAKURICHI,Tamil Nadu,MALAIYARASAN D,Dravida Munnetra Kazhagam,561589.0,KUMARAGURU R,All India Anna Dravida Munnetra Kazhagam,507805.0,53784.0
Jalaun,Uttar Pradesh,NARAYAN DAS AHIRWAR,Samajwadi Party,530180.0,BHANU PRATAP SINGH VERMA,Bharatiya Janata Party,476282.0,53898.0
Faizabad,Uttar Pradesh,AWADHESH PRASAD,Samajwadi Party,554289.0,LALLU SINGH,Bharatiya Janata Party,499722.0,54567.0
BASTAR,Chhattisgarh,MAHESH KASHYAP,Bharatiya Janata Party,458398.0,KAWASI LAKHMA,Indian National Congress,403153.0,55245.0
Shahjahanpur,Uttar Pradesh,ARUN KUMAR SAGAR,Bharatiya Janata Party,592718.0,JYOTSNA GOND,Samajwadi Party,537339.0,55379.0
BIKANER,Rajasthan,ARJUN RAM MEGHWAL,Bharatiya Janata Party,566737.0,GOVINDRAM MEGHWAL,Indian National Congress,511026.0,55711.0
Krishnanagar,West Bengal,MAHUA MOITRA,All India Trinamool Congress,628789.0,AMRITA ROY,Bharatiya Janata Party,572084.0,56705.0
Cuttack,Odisha,BHARTRUHARI MAHTAB,Bharatiya Janata Party,531601.0,SANTRUPT MISRA,Biju Janata Dal,474524.0,57077.0
Dadar & Nagar Haveli,Dadra & Nagar Haveli and Daman & Diu,DELKAR KALABEN MOHANBHAI,Bharatiya Janata Party,121074.0,AJIT RAMJIBHAI MAHALA,Indian National Congress,63490.0,57584.0
Etawah,Uttar Pradesh,JITENDRA KUMAR DOHARE,Samajwadi Party,490747.0,DR RAM SHANKAR KATHERIA,Bharatiya Janata Party,432328.0,58419.0
Allahabad,Uttar Pradesh,UJJWAL RAMAN SINGH,Indian National Congress,462145.0,NEERAJ TRIPATHI,Bharatiya Janata Party,403350.0,58795.0
Nanded,Maharashtra,CHAVAN VASANTRAO BALWANTRAO,Indian National Congress,528894.0,CHIKHALIKAR PRATAPRAO GOVINDRAO,Bharatiya Janata Party,469452.0,59442.0
Asansol,West Bengal,SHATRUGHAN PRASAD SINHA,All India Trinamool Congress,605645.0,SURENDRAJEET SINGH AHLUWALIA,Bharatiya Janata Party,546081.0,59564.0
Kishanganj,Bihar,MOHAMMAD JAWED,Indian National Congress,402850.0,MUJAHID ALAM,Janata Dal  (United),343158.0,59692.0
Arrah,Bihar,SUDAMA PRASAD,Communist Party of India  (Marxist-Leninist)  (Liberation),529382.0,R. K. SINGH,Bharatiya Janata Party,469574.0,59808.0
JANJGIR,Chhattisgarh,KAMLESH JANGDE,Bharatiya Janata Party,678199.0,DR. SHIVKUMAR DAHARIYA,Indian National Congress,618199.0,60000.0
Ujiarpur,Bihar,NITYANAND RAI,Bharatiya Janata Party,515965.0,ALOK KUMAR MEHTA,Rashtriya Janata Dal,455863.0,60102.0
Latur,Maharashtra,DR. KALGE SHIVAJI BANDAPPA,Indian National Congress,609021.0,SUDHAKAR TUKARAM SHRANGARE,Bharatiya Janata Party,547140.0,61881.0
Kadapa,Andhra Pradesh,Y. S. AVINASH REDDY,Yuvajana Sramika Rythu Congress Party,605143.0,CHADIPIRALLA BHUPESH SUBBARAMI REDDY,Telugu Desam,542448.0,62695.0
HISAR,Haryana,JAI PARKASH (J P) S/O HARIKESH,Indian National Congress,570424.0,RANJIT SINGH,Bharatiya Janata Party,507043.0,63381.0
Alappuzha,Kerala,K. C VENUGOPAL,Indian National Congress,404560.0,A. M ARIFF,Communist Party of India  (Marxist),341047.0,63513.0
Chalakudy,Kerala,BENNY BEHANAN,Indian National Congress,394171.0,PROF C RAVEENDRANATH,Communist Party of India  (Marxist),330417.0,63754.0
Baharaich,Uttar Pradesh,ANAND KUMAR,Bharatiya Janata Party,518802.0,RAMESH CHANDRA,Samajwadi Party,454575.0,64227.0
Barrackpur,West Bengal,PARTHA BHOWMICK,All India Trinamool Congress,520231.0,ARJUN SINGH,Bharatiya Janata Party,455793.0,64438.0
Saharanpur,Uttar Pradesh,IMRAN MASOOD,Indian National Congress,547967.0,RAGHAV LAKHANPAL,Bharatiya Janata Party,483425.0,64542.0
SURGUJA,Chhattisgarh,CHINTAMANI MAHARAJ,Bharatiya Janata Party,713200.0,SHASHI SINGH KORAM,Indian National Congress,648378.0,64822.0
BHIND,Madhya Pradesh,SANDHYA RAY,Bharatiya Janata Party,537065.0,PHOOL SINGH BARAIYA,Indian National Congress,472225.0,64840.0
TONK,Rajasthan,HARISH CHANDRA MEENA,Indian National Congress,623763.0,SUKHBIR SINGH JAUNAPURIA,Bharatiya Janata Party,558814.0,64949.0
Pathanamthitta,Kerala,ANTO ANTONY,Indian National Congress,367623.0,DR.T.M.THOMAS ISSAC,Communist Party of India  (Marxist),301504.0,66119.0
Bhiwandi,Maharashtra,BALYA MAMA - SURESH GOPINATH MHATRE,Nationalist Congress Party – Sharadchandra Pawar,499464.0,KAPIL MORESHWAR PATIL,Bharatiya Janata Party,433343.0,66121.0
Pratapgarh,Uttar Pradesh,SHIV PAL SINGH PATEL (DR. S P SINGH),Samajwadi Party,441932.0,SANGAM LAL GUPTA,Bharatiya Janata Party,375726.0,66206.0
Kendrapara,Odisha,BAIJAYANT PANDA,Bharatiya Janata Party,615705.0,ANSHUMAN MOHANTY,Biju Janata Dal,549169.0,66536.0
Nawada,Bihar,VIVEK THAKUR,Bharatiya Janata Party,410608.0,SHRAWAN KUMAR,Rashtriya Janata Dal,342938.0,67670.0
Raiganj,West Bengal,KARTICK CHANDRA PAUL,Bharatiya Janata Party,560897.0,KALYANI KRISHNA,All India Trinamool Congress,492700.0,68197.0
MIZORAM,Mizoram,RICHARD VANLALHMANGAIHA,Zoram People’s Movement,208552.0,K VANLALVENA,Mizo National Front,140264.0,68288.0
Bagalkot,Karnataka,GADDIGOUDAR. PARVATAGOUDA. CHANDANAGOUDA.,Bharatiya Janata Party,671039.0,SAMYUKTA SHIVANAND PATIL,Indian National Congress,602640.0,68399.0
Kairana,Uttar Pradesh,IQRA CHOUDHARY,Samajwadi Party,528013.0,PRADEEP KUMAR,Bharatiya Janata Party,458897.0,69116.0
Faridkot,Punjab,SARABJEET SINGH KHALSA,Independent,298062.0,KARAMJIT SINGH ANMOL,Aam Aadmi Party,228009.0,70053.0
GWALIOR,Madhya Pradesh,BHARAT SINGH KUSHWAH,Bharatiya Janata Party,671535.0,PRAVEEN PATHAK,Indian National Congress,601325.0,70210.0
Mohanlalganj,Uttar Pradesh,R.K. CHAUDHARY,Samajwadi Party,667869.0,KAUSHAL KISHORE,Bharatiya Janata Party,597577.0,70292.0
SALEM,Tamil Nadu,SELVAGANAPATHI T M,Dravida Munnetra Kazhagam,566085.0,VIGNESH P,All India Anna Dravida Munnetra Kazhagam,495728.0,70357.0
Dum dum,West Bengal,SOUGATA RAY,All India Trinamool Congress,528579.0,SILBHADRA DATTA,Bharatiya Janata Party,457919.0,70660.0
VILUPPURAM,Tamil Nadu,RAVIKUMAR. D,Viduthalai Chiruthaigal Katchi,477033.0,BHAGYARAJ. J,All India Anna Dravida Munnetra Kazhagam,406330.0,70703.0
Banda,Uttar Pradesh,KRISHNA DEVI SHIVSHANKER PATEL,Samajwadi Party,406567.0,R. K. SINGH PATEL,Bharatiya Janata Party,335357.0,71210.0
Kolar,Karnataka,M. MALLESH BABU,Janata Dal  (Secular),691481.0,K V GOWTHAM,Indian National Congress,620093.0,71388.0
CHURU,Rajasthan,RAHUL KASWAN,Indian National Congress,728211.0,DEVENDRA JHAJHARIA,Bharatiya Janata Party,655474.0,72737.0
SIKAR,Rajasthan,AMRARAM,Communist Party of India  (Marxist),659300.0,SUMEDHANAND SARASWATI,Bharatiya Janata Party,586404.0,72896.0
Bangaon,West Bengal,SHANTANU THAKUR,Bharatiya Janata Party,719505.0,BISWAJIT DAS S/O LATE BIJAY KRISHNA DAS,All India Trinamool Congress,645812.0,73693.0
Solapur,Maharashtra,PRANITI SUSHILKUMAR SHINDE,Indian National Congress,620225.0,RAM VITTHAL SATPUTE,Bharatiya Janata Party,546028.0,74197.0
Thrissur,Kerala,SURESH GOPI,Bharatiya Janata Party,412338.0,ADV V S SUNILKUMAR,Communist Party of India,337652.0,74686.0
MANDI,Himachal Pradesh,KANGNA RANAUT,Bharatiya Janata Party,537022.0,VIKRAMADITYA SINGH,Indian National Congress,462267.0,74755.0
GURGAON,Haryana,RAO INDERJIT SINGH,Bharatiya Janata Party,808336.0,RAJ BABBAR,Indian National Congress,733257.0,75079.0
Palakkad,Kerala,V K SREEKANDAN,Indian National Congress,421169.0,A VIJAYARAGHAVAN,Communist Party of India  (Marxist),345886.0,75283.0
Alipurduars,West Bengal,MANOJ TIGGA,Bharatiya Janata Party,695314.0,PRAKASH CHIK BARAIK,All India Trinamool Congress,619867.0,75447.0
Rajampet,Andhra Pradesh,P V MIDHUN REDDY,Yuvajana Sramika Rythu Congress Party,644844.0,NALLARI KIRAN KUMAR REDDY,Bharatiya Janata Party,568773.0,76071.0
Dhenkanal,Odisha,RUDRA NARAYAN PANY,Bharatiya Janata Party,598721.0,ABINASH SAMAL,Biju Janata Dal,522154.0,76567.0
Shrawasti,Uttar Pradesh,RAM SHIROMANI VERMA,Samajwadi Party,511055.0,SAKET MISRA,Bharatiya Janata Party,434382.0,76673.0
Ramtek,Maharashtra,Shyamkumar (Babalu) Daulat Barve,Indian National Congress,613025.0,RAJU DEONATH PARVE,Shiv Sena,536257.0,76768.0
Hooghly,West Bengal,RACHNA BANERJEE,All India Trinamool Congress,702744.0,LOCKET CHATTERJEE,Bharatiya Janata Party,625891.0,76853.0
Bijapur,Karnataka,RAMESH JIGAJINAGI,Bharatiya Janata Party,672781.0,RAJU ALAGUR.,Indian National Congress,595552.0,77229.0
Maldaha Uttar,West Bengal,KHAGEN MURMU,Bharatiya Janata Party,527023.0,PRASUN BANERJEE,All India Trinamool Congress,449315.0,77708.0
Tamluk,West Bengal,ABHIJIT GANGOPADHYAY,Bharatiya Janata Party,765584.0,DEBANGSHU BHATTACHARYA,All India Trinamool Congress,687851.0,77733.0
New Delhi,NCT OF Delhi,BANSURI SWARAJ,Bharatiya Janata Party,453185.0,SOMNATH BHARTI,Aam Aadmi Party,374815.0,78370.0
Raichur,Karnataka,G. KUMAR NAIK.,Indian National Congress,670966.0,RAJA AMARESHWARA NAIK.,Bharatiya Janata Party,591185.0,79781.0
Sikkim,Sikkim,INDRA HANG SUBBA,Sikkim Krantikari Morcha,164396.0,BHARAT BASNETT,Citizen Action Party-Sikkim,83566.0,80830.0
Munger,Bihar,RAJIV RANJAN SINGH ALIAS LALAN SINGH,Janata Dal  (United),550146.0,KUMARI ANITA,Rashtriya Janata Dal,469276.0,80870.0
Giridih,Jharkhand,CHANDRA PRAKASH CHOUDHARY,AJSU Party,451139.0,MATHURA PRASAD MAHATO,Jharkhand Mukti Morcha,370259.0,80880.0
Begusarai,Bihar,GIRIRAJ SINGH,Bharatiya Janata Party,649331.0,ABDHESH KUMAR ROY,Communist Party of India,567851.0,81480.0
Wardha,Maharashtra,AMAR SHARADRAO KALE,Nationalist Congress Party – Sharadchandra Pawar,533106.0,RAMDAS CHANDRABHAN TADAS,Bharatiya Janata Party,451458.0,81648.0
Kushi Nagar,Uttar Pradesh,VIJAY KUMAR DUBAY,Bharatiya Janata Party,516345.0,AJAY PRATAP SINGH URF PINTU SAITHWAR,Samajwadi Party,434555.0,81790.0
Raigad,Maharashtra,TATKARE SUNIL DATTATREY,Nationalist Congress Party,508352.0,ANANT GEETE,Shiv Sena (Uddhav Balasaheb Thackrey),425568.0,82784.0
Gurdaspur,Punjab,SUKHJINDER SINGH RANDHAWA,Indian National Congress,364043.0,DINESH SINGH BABBU,Bharatiya Janata Party,281182.0,82861.0
SATNA,Madhya Pradesh,GANESH SINGH,Bharatiya Janata Party,459728.0,DABBU SIDDHARTH SUKHLAL KUSHWAHA,Indian National Congress,374779.0,84949.0
Baharampur,West Bengal,PATHAN YUSUF,All India Trinamool Congress,524516.0,ADHIR RANJAN CHOWDHURY,Indian National Congress,439494.0,85022.0
Patliputra,Bihar,MISHA BHARTI,Rashtriya Janata Dal,613283.0,RAM KRIPAL YADAV,Bharatiya Janata Party,528109.0,85174.0
Outer Manipur,Manipur,ALFRED KANNGAM S ARTHUR,Indian National Congress,384954.0,KACHUI TIMOTHY ZIMIK,Naga Peoples Front,299536.0,85418.0
Bharuch,Gujarat,MANSUKHBHAI DHANJIBHAI VASAVA,Bharatiya Janata Party,608157.0,CHAITARBHAI DAMJIBHAI VASAVA,Aam Aadmi Party,522461.0,85696.0
Jalpaiguri,West Bengal,DR JAYANTA KUMAR ROY,Bharatiya Janata Party,766568.0,NIRMAL CHANDRA ROY,All India Trinamool Congress,679875.0,86693.0
Kottayam,Kerala,ADV K FRANCIS GEORGE,Kerala Congress,364631.0,THOMAS CHAZHIKADAN,Kerala Congress  (M),277365.0,87266.0
Rampur,Uttar Pradesh,MOHIBBULLAH,Samajwadi Party,481503.0,GHANSHYAM SINGH LODHI,Bharatiya Janata Party,394069.0,87434.0
Nabarangpur,Odisha,BALABHADRA MAJHI,Bharatiya Janata Party,481396.0,PRADEEP KUMAR MAJHI,Biju Janata Dal,393860.0,87536.0
GANGANAGAR,Rajasthan,KULDEEP INDORA,Indian National Congress,726492.0,PRIYANKA BALAN MEGHWAL,Bharatiya Janata Party,638339.0,88153.0
Purvi Champaran,Bihar,RADHA MOHAN SINGH,Bharatiya Janata Party,542193.0,DR RAJESH KUMAR,Vikassheel Insaan Party,453906.0,88287.0
Firozabad,Uttar Pradesh,AKSHAYA YADAV,Samajwadi Party,543037.0,VISHWADEEP SINGH,Bharatiya Janata Party,453725.0,89312.0
Chandni Chowk,NCT OF Delhi,PRAVEEN KHANDELWAL,Bharatiya Janata Party,516496.0,JAI PRAKASH AGARWAL,Indian National Congress,427171.0,89325.0
Vaishali,Bihar,VEENA DEVI,Lok Janshakti Party(Ram Vilas),567043.0,VIJAY KUMAR SHUKLA,Rashtriya Janata Dal,477409.0,89634.0
Sitapur,Uttar Pradesh,RAKESH RATHOR,Indian National Congress,531138.0,RAJESH VERMA,Bharatiya Janata Party,441497.0,89641.0
Anand,Gujarat,MITESH PATEL (BAKABHAI),Bharatiya Janata Party,612484.0,AMIT CHAVDA,Indian National Congress,522545.0,89939.0
Adilabad,Telangana,GODAM NAGESH,Bharatiya Janata Party,568168.0,ATHRAM SUGUNA,Indian National Congress,477516.0,90652.0
Chikkodi,Karnataka,PRIYANKA SATISH JARKIHOLI,Indian National Congress,713461.0,ANNASAHEB SHANKAR JOLLE,Bharatiya Janata Party,622627.0,90834.0
SHIMLA,Himachal Pradesh,Suresh Kumar Kashyap,Bharatiya Janata Party,519748.0,Vinod Sultanpuri,Indian National Congress,428297.0,91451.0
Bhadrak,Odisha,AVIMANYU SETHI,Bharatiya Janata Party,573319.0,MANJULATA MANDAL,Biju Janata Dal,481775.0,91544.0
Sant Kabir Nagar,Uttar Pradesh,LAXMIKANT PAPPU NISHAD,Samajwadi Party,498695.0,PRAVIN KUMAR NISHAD,Bharatiya Janata Party,406525.0,92170.0
Kolkata Uttar,West Bengal,BANDYOPADHYAY SUDIP,All India Trinamool Congress,454696.0,TAPAS ROY,Bharatiya Janata Party,362136.0,92560.0
Siwan,Bihar,VIJAYLAKSHMI DEVI,Janata Dal  (United),386508.0,HENA SHAHAB,Independent,293651.0,92857.0
East Delhi,NCT OF Delhi,HARSH MALHOTRA,Bharatiya Janata Party,664819.0,KULDEEP KUMAR (MONU),Aam Aadmi Party,571156.0,93663.0
Nagarkurnool,Telangana,DR.MALLU RAVI,Indian National Congress,465072.0,BHARATH  PRASAD POTHUGANTI,Bharatiya Janata Party,370658.0,94414.0
Yavatmal,Maharashtra,SANJAY UTTAMRAO DESHMUKH,Shiv Sena (Uddhav Balasaheb Thackrey),594807.0,RAJSHRITAI HEMANT PATIL (MAHALLE),Shiv Sena,500334.0,94473.0
Maval,Maharashtra,SHRIRANG APPA CHANDU BARNE,Shiv Sena,692832.0,SANJOG BHIKU WAGHERE PATIL,Shiv Sena (Uddhav Balasaheb Thackrey),596217.0,96615.0
Keonjhar,Odisha,ANANTA NAYAK,Bharatiya Janata Party,573923.0,DHANURJAYA SIDU,Biju Janata Dal,476881.0,97042.0
Dharwad,Karnataka,PRALHAD JOSHI,Bharatiya Janata Party,716231.0,VINOD ASOOTI,Indian National Congress,618907.0,97324.0
Valmiki Nagar,Bihar,SUNIL KUMAR,Janata Dal  (United),523422.0,DEEPAK YADAV,Rashtriya Janata Dal,424747.0,98675.0
KARAULI,Rajasthan,BHAJAN LAL JATAV,Indian National Congress,530011.0,INDU DEVI,Bharatiya Janata Party,431066.0,98945.0
Bellary,Karnataka,E. TUKARAM,Indian National Congress,730845.0,B. SREERAMULU,Bharatiya Janata Party,631853.0,98992.0
Jaunpur,Uttar Pradesh,BABU SINGH KUSHWAHA,Samajwadi Party,509130.0,KRIPASHANKAR SINGH,Bharatiya Janata Party,409795.0,99335.0
Aska,Odisha,ANITA SUBHADARSHINI,Bharatiya Janata Party,494226.0,RANJITA SAHU,Biju Janata Dal,394252.0,99974.0
Sangli,Maharashtra,VISHAL (DADA) PRAKASHBAPU PATIL,Independent,571666.0,SANJAY (KAKA) PATIL,Bharatiya Janata Party,471613.0,100053.0
Kasaragod,Kerala,RAJMOHAN UNNITHAN,Indian National Congress,490659.0,M.V BALAKRISHNAN MASTER,Communist Party of India  (Marxist),390010.0,100649.0
Arunachal West,Arunachal Pradesh,KIREN RIJIJU,Bharatiya Janata Party,205417.0,NABAM TUKI,Indian National Congress,104679.0,100738.0
Basti,Uttar Pradesh,RAM PRASAD CHAUDHARY,Samajwadi Party,527005.0,HARISH CHANDRA ALIAS HARISH DWIVEDI,Bharatiya Janata Party,426011.0,100994.0
Gaya,Bihar,JITAN RAM MANJHI,Hindustani Awam Morcha (Secular),494960.0,KUMAR SARVJEET,Rashtriya Janata Dal,393148.0,101812.0
Godda,Jharkhand,NISHIKANT DUBEY,Bharatiya Janata Party,693140.0,PRADEEP YADAV,Indian National Congress,591327.0,101813.0
Jhansi,Uttar Pradesh,ANURAG SHARMA,Bharatiya Janata Party,690316.0,"PRADEEP JAIN ""ADITYA""",Indian National Congress,587702.0,102614.0
Gorakhpur,Uttar Pradesh,RAVINDRA SHUKLA ALIAS RAVI KISHAN,Bharatiya Janata Party,585834.0,KAJAL NISHAD,Samajwadi Party,482308.0,103526.0
CHIDAMBARAM,Tamil Nadu,THIRUMAAVALAVAN THOL,Viduthalai Chiruthaigal Katchi,505084.0,CHANDRAHASAN M,All India Anna Dravida Munnetra Kazhagam,401530.0,103554.0
Banka,Bihar,GIRIDHARI YADAV,Janata Dal  (United),506678.0,JAI PRAKASH NARAYAN YADAV,Rashtriya Janata Dal,402834.0,103844.0
MANDLA,Madhya Pradesh,FAGGAN SINGH KULASTE,Bharatiya Janata Party,751375.0,OMKAR SINGH MARKAM,Indian National Congress,647529.0,103846.0
Kaushambi,Uttar Pradesh,PUSHPENDRA SAROJ,Samajwadi Party,509787.0,VINOD KUMAR SONKAR,Bharatiya Janata Party,405843.0,103944.0
Puri,Odisha,SAMBIT PATRA,Bharatiya Janata Party,629330.0,ARUP MOHAN PATNAIK,Biju Janata Dal,524621.0,104709.0
Bhagalpur,Bihar,AJAY KUMAR MANDAL,Janata Dal  (United),536031.0,AJEET SHARMA,Indian National Congress,431163.0,104868.0
Moradabad,Uttar Pradesh,RUCHI VIRA,Samajwadi Party,637363.0,KUNWAR SARVESH KUMAR,Bharatiya Janata Party,531601.0,105762.0
Karakat,Bihar,RAJA RAM SINGH,Communist Party of India  (Marxist-Leninist)  (Liberation),380581.0,PAWAN SINGH,Independent,274723.0,105858.0
Hingoli,Maharashtra,AASHTIKAR PATIL NAGESH BAPURAO,Shiv Sena (Uddhav Balasaheb Thackrey),492535.0,BABURAO KADAM KOHALIKAR,Shiv Sena,383933.0,108602.0
Kannur,Kerala,K. SUDHAKARAN,Indian National Congress,518524.0,M.V. JAYARAJAN,Communist Party of India  (Marxist),409542.0,108982.0
Nizamabad,Telangana,ARVIND DHARMAPURI,Bharatiya Janata Party,592318.0,JEEVANREDDY THATIPARTHI,Indian National Congress,483077.0,109241.0
Inner Manipur,Manipur,ANGOMCHA BIMOL AKOIJAM,Indian National Congress,374017.0,THOUNAOJAM BASANTA KUMAR SINGH,Bharatiya Janata Party,264216.0,109801.0
Jalna,Maharashtra,KALYAN VAIJINATHRAO KALE,Indian National Congress,607897.0,DANVE RAOSAHEB DADARAO,Bharatiya Janata Party,497939.0,109958.0
Kurnoolu,Andhra Pradesh,BASTIPATI NAGARAJU PANCHALINGALA,Telugu Desam,658914.0,B Y RAMAIAH,Yuvajana Sramika Rythu Congress Party,547616.0,111298.0
Nandyal,Andhra Pradesh,DR BYREDDY SHABARI,Telugu Desam,701131.0,POCHA BRAHMANANDA REDDY,Yuvajana Sramika Rythu Congress Party,589156.0,111975.0
Jamui,Bihar,ARUN BHARTI,Lok Janshakti Party(Ram Vilas),509046.0,ARCHANA KUMARI,Rashtriya Janata Dal,396564.0,112482.0
Dindori,Maharashtra,BHASKAR MURLIDHAR BHAGARE,Nationalist Congress Party – Sharadchandra Pawar,577339.0,DR. BHARATI PRAVIN PAWAR,Bharatiya Janata Party,464140.0,113199.0
CHHINDWARA,Madhya Pradesh,BUNTY VIVEK SAHU,Bharatiya Janata Party,644738.0,NAKUL KAMALNATH,Indian National Congress,531120.0,113618.0
Barasat,West Bengal,KAKOLI GHOSH DASTIDAR,All India Trinamool Congress,692010.0,SWAPAN MAJUMDER,Bharatiya Janata Party,577821.0,114189.0
Vadakara,Kerala,SHAFI PARAMBIL,Indian National Congress,557528.0,K K SHAILAJA TEACHER,Communist Party of India  (Marxist),443022.0,114506.0
Lalganj,Uttar Pradesh,DAROGA PRASAD SAROJ,Samajwadi Party,439959.0,NEELAM SONKER,Bharatiya Janata Party,324936.0,115023.0
JODHPUR,Rajasthan,GAJENDRA SINGH SHEKHAWAT,Bharatiya Janata Party,730056.0,KARAN SINGH UCHIYARDA,Indian National Congress,614379.0,115677.0
North Goa,Goa,SHRIPAD YESSO NAIK,Bharatiya Janata Party,257326.0,RAMAKANT KHALAP,Indian National Congress,141311.0,116015.0
Jangipur,West Bengal,KHALILUR RAHAMAN,All India Trinamool Congress,544427.0,MURTOJA HOSSAIN BOKUL,Indian National Congress,427790.0,116637.0
COIMBATORE,Tamil Nadu,GANAPATHY RAJKUMAR P,Dravida Munnetra Kazhagam,568200.0,ANNAMALAI K,Bharatiya Janata Party,450132.0,118068.0
BARMER,Rajasthan,UMMEDA RAM BENIWAL,Indian National Congress,704676.0,RAVINDRA SINGH BHATI,Independent,586500.0,118176.0
Sambalpur,Odisha,DHARMENDRA PRADHAN,Bharatiya Janata Party,592162.0,PRANAB PRAKASH DAS,Biju Janata Dal,472326.0,119836.0
Ranchi,Jharkhand,SANJAY SETH,Bharatiya Janata Party,664732.0,YASHASWINI SAHAY,Indian National Congress,544220.0,120512.0
Madha,Maharashtra,MOHITE-PATIL DHAIRYASHEEL RAJSINH,Nationalist Congress Party – Sharadchandra Pawar,622213.0,RANJEETSINGH HINDURAO NAIK NIMBALKAR,Bharatiya Janata Party,501376.0,120837.0
Sambhal,Uttar Pradesh,ZIA UR REHMAN,Samajwadi Party,571161.0,PARMESHWAR LAL SAINI,Bharatiya Janata Party,449667.0,121494.0
Pune,Maharashtra,MURLIDHAR MOHOL,Bharatiya Janata Party,584728.0,DHANGEKAR RAVINDRA HEMRAJ,Indian National Congress,461690.0,123038.0
South Delhi,NCT OF Delhi,RAMVIR SINGH BIDHURI,Bharatiya Janata Party,692832.0,SAHI RAM,Aam Aadmi Party,568499.0,124333.0
UDHAMPUR,Jammu and Kashmir,DR JITENDRA SINGH,Bharatiya Janata Party,571076.0,CH LAL SINGH,Indian National Congress,446703.0,124373.0
Ghazipur,Uttar Pradesh,AFZAL ANSARI,Samajwadi Party,539912.0,PARS NATH RAI,Bharatiya Janata Party,415051.0,124861.0
TIRUPPUR,Tamil Nadu,"SUBBARAYAN, K.",Communist Party of India,472739.0,"ARUNACHALAM, P.",All India Anna Dravida Munnetra Kazhagam,346811.0,125928.0
Gopalganj,Bihar,DR. ALOK KUMAR SUMAN,Janata Dal  (United),511866.0,PREM NATH CHANCHAL ALIAS CHANCHAL PASWAN,Vikassheel Insaan Party,384686.0,127180.0
Maldaha Dakshin,West Bengal,ISHA KHAN CHOUDHURY,Indian National Congress,572395.0,SREERUPA MITRA CHAUDHURY (NIRBHAYA DIDI),Bharatiya Janata Party,444027.0,128368.0
Bidar,Karnataka,SAGAR ESHWAR KHANDRE,Indian National Congress,666317.0,BHAGWANTH KHUBA,Bharatiya Janata Party,537442.0,128875.0
Robertsganj,Uttar Pradesh,CHHOTELAL,Samajwadi Party,465848.0,RINKI SINGH,Apna Dal (Soneylal),336614.0,129234.0
Peddapalle,Telangana,VAMSI KRISHNA GADDAM,Indian National Congress,475587.0,SRINIVAS GOMASE,Bharatiya Janata Party,344223.0,131364.0
Hindupur,Andhra Pradesh,B K PARTHASARATHI,Telugu Desam,725534.0,J SHANTHA,Yuvajana Sramika Rythu Congress Party,593107.0,132427.0
Bolangir,Odisha,SANGEETA KUMARI SINGH DEO,Bharatiya Janata Party,617744.0,SURENDRA SINGH BHOI,Biju Janata Dal,485080.0,132664.0
Idukki,Kerala,ADV. DEAN KURIAKOSE,Indian National Congress,432372.0,ADV. JOICE GEORGE,Communist Party of India  (Marxist),298645.0,133727.0
Kalahandi,Odisha,MALVIKA DEVI,Bharatiya Janata Party,544303.0,LAMBODAR NIAL,Biju Janata Dal,410490.0,133813.0
Parbhani,Maharashtra,JADHAV SANJAY ( BANDU ) HARIBHAU,Shiv Sena (Uddhav Balasaheb Thackrey),601343.0,JANKAR MAHADEV JAGANNATH,Rashtriya Samaj Paksha,467282.0,134061.0
KHARGONE,Madhya Pradesh,GAJENDRA SINGH PATEL,Bharatiya Janata Party,819863.0,PORLAL BATHA KHARTE,Indian National Congress,684845.0,135018.0
Lucknow,Uttar Pradesh,RAJ NATH SINGH,Bharatiya Janata Party,612709.0,RAVIDAS MEHROTRA,Samajwadi Party,477550.0,135159.0
Junagadh,Gujarat,CHUDASAMA RAJESHBHAI NARANBHAI,Bharatiya Janata Party,584049.0,JOTVA HIRABHAI ARJANBHAI,Indian National Congress,448555.0,135494.0
JAMMU,Jammu and Kashmir,JUGAL KISHORE,Bharatiya Janata Party,687588.0,RAMAN BHALLA,Indian National Congress,552090.0,135498.0
PUDUCHERRY,Puducherry,VE VAITHILINGAM,Indian National Congress,426005.0,A NAMASSIVAYAM,Bharatiya Janata Party,289489.0,136516.0
Paschim Champaran,Bihar,DR.SANJAY JAISWAL,Bharatiya Janata Party,580421.0,MADAN MOHAN TIWARI,Indian National Congress,443853.0,136568.0
Ambedkar Nagar,Uttar Pradesh,LALJI VERMA,Samajwadi Party,544959.0,RITESH PANDEY,Bharatiya Janata Party,407712.0,137247.0
Nagpur,Maharashtra,NITIN JAIRAM GADKARI,Bharatiya Janata Party,655027.0,VIKAS THAKRE,Indian National Congress,517424.0,137603.0
Bardhaman,West Bengal,AZAD KIRTI JHA,All India Trinamool Congress,720667.0,DILIP GHOSH,Bharatiya Janata Party,582686.0,137981.0
Sundargarh,Odisha,JUAL ORAM,Bharatiya Janata Party,494282.0,DILIP KUMAR TIRKEY,Biju Janata Dal,355474.0,138808.0
Lohardaga,Jharkhand,SUKHDEO BHAGAT,Indian National Congress,483038.0,SAMIR ORAON,Bharatiya Janata Party,343900.0,139138.0
Mysore,Karnataka,YADUVEER KRISHNADATTA CHAMARAJA WADIYAR,Bharatiya Janata Party,795503.0,M. LAKSHMANA,Indian National Congress,656241.0,139262.0
Shirur,Maharashtra,DR. AMOL RAMSING KOLHE,Nationalist Congress Party – Sharadchandra Pawar,698692.0,ADHALRAO SHIVAJI DATTATREY,Nationalist Congress Party,557741.0,140951.0
Gadchiroli,Maharashtra,DR. KIRSAN  NAMDEO,Indian National Congress,617792.0,ASHOK  MAHADEORAO NETE,Bharatiya Janata Party,476096.0,141696.0
Jahanabad,Bihar,SURENDRA PRASAD YADAV,Rashtriya Janata Dal,443035.0,CHANDESHWAR PRASAD,Janata Dal  (United),300444.0,142591.0
Jorhat,Assam,GAURAV GOGOI,Indian National Congress,751771.0,TOPON KUMAR GOGOI,Bharatiya Janata Party,607378.0,144393.0
MAHASAMUND,Chhattisgarh,ROOP KUMARI CHOUDHARY,Bharatiya Janata Party,703659.0,TAMRADHWAJ SAHU,Indian National Congress,558203.0,145456.0
RAJGARH,Madhya Pradesh,RODMAL NAGAR,Bharatiya Janata Party,758743.0,DIGVIJAYA SINGH,Indian National Congress,612654.0,146089.0
Kozhikode,Kerala,M. K. RAGHAVAN,Indian National Congress,520421.0,ELAMARAM KAREEM,Communist Party of India  (Marxist),374245.0,146176.0
Balasore,Odisha,PRATAP CHANDRA SARANGI,Bharatiya Janata Party,563865.0,LEKHASRI SAMANTSINGHAR,Biju Janata Dal,416709.0,147156.0
Diphu,Assam,AMARSING TISSO,Bharatiya Janata Party,334620.0,J. I. KATHAR,Independent,187017.0,147603.0
Koraput,Odisha,SAPTAGIRI SANKAR ULAKA,Indian National Congress,471393.0,KAUSALYA HIKAKA,Biju Janata Dal,323649.0,147744.0
Kaiserganj,Uttar Pradesh,KARAN BHUSHAN SINGH,Bharatiya Janata Party,571263.0,BHAGAT RAM,Samajwadi Party,422420.0,148843.0
Dakshina Kannada,Karnataka,CAPTAIN BRIJESH CHOWTA,Bharatiya Janata Party,764132.0,PADMARAJ.R.POOJARY,Indian National Congress,614924.0,149208.0
Khunti,Jharkhand,KALI CHARAN MUNDA,Indian National Congress,511647.0,ARJUN MUNDA,Bharatiya Janata Party,361972.0,149675.0
Kollam,Kerala,N K PREMACHANDRAN,Revolutionary Socialist Party,443628.0,M MUKESH,Communist Party of India  (Marxist),293326.0,150302.0
Nagina,Uttar Pradesh,CHANDRASHEKHAR,Aazad Samaj Party (Kanshi Ram),512552.0,OM KUMAR,Bharatiya Janata Party,361079.0,151473.0
Madhubani,Bihar,ASHOK KUMAR YADAV,Bharatiya Janata Party,553428.0,MD ALI ASHRAF FATMI,Rashtriya Janata Dal,401483.0,151945.0
Varanasi,Uttar Pradesh,NARENDRA MODI,Bharatiya Janata Party,612970.0,AJAY RAI,Indian National Congress,460457.0,152513.0
Patna Sahib,Bihar,RAVI SHANKAR PRASAD,Bharatiya Janata Party,588270.0,ANSHUL AVIJIT,Indian National Congress,434424.0,153846.0
Kolhapur,Maharashtra,CHHATRAPATI SHAHU SHAHAJI,Indian National Congress,754522.0,SANJAY SADASHIVRAO MANDLIK,Shiv Sena,599558.0,154964.0
Tura,Meghalaya,SALENG A SANGMA,Indian National Congress,383919.0,AGATHA K SANGMA,National People's Party,228678.0,155241.0
Sabarkantha,Gujarat,SHOBHANABEN MAHENDRASINH BARAIYA,Bharatiya Janata Party,677318.0,CHAUDHARI TUSHAR AMARSINH,Indian National Congress,521636.0,155682.0
Baramati,Maharashtra,SUPRIYA SULE,Nationalist Congress Party – Sharadchandra Pawar,732312.0,SUNETRA AJITDADA PAWAR,Nationalist Congress Party,573979.0,158333.0
Nandurbar,Maharashtra,ADV GOWAAL KAGADA PADAVI,Indian National Congress,745998.0,DR HEENA VIJAYKUMAR GAVIT,Bharatiya Janata Party,586878.0,159120.0
Baghpat,Uttar Pradesh,DR RAJKUMAR SANGWAN,Rashtriya Lok Dal,488967.0,AMARPAL,Samajwadi Party,329508.0,159459.0
Narsaraopet,Andhra Pradesh,LAVU SRIKRISHNA DEVARAYALU,Telugu Desam,807996.0,ANIL KUMAR POLUBOINA,Yuvajana Sramika Rythu Congress Party,648267.0,159729.0
Bardhaman Purba,West Bengal,DR. SHARMILA SARKAR,All India Trinamool Congress,720302.0,ASIM KUMAR SARKAR,Bharatiya Janata Party,559730.0,160572.0
Azamgarh,Uttar Pradesh,DHARMENDRA YADAV,Samajwadi Party,508239.0,DINESH LAL YADAV “NIRAHUA”,Bharatiya Janata Party,347204.0,161035.0
Khagaria,Bihar,RAJESH VERMA,Lok Janshakti Party(Ram Vilas),538657.0,SANJAY KUMAR,Communist Party of India  (Marxist),377526.0,161131.0
Nashik,Maharashtra,RAJABHAU (PARAG) PRAKASH WAJE,Shiv Sena (Uddhav Balasaheb Thackrey),616729.0,GODSE HEMANT TUKARAM,Shiv Sena,454728.0,162001.0
Ghosi,Uttar Pradesh,RAJEEV RAI,Samajwadi Party,503131.0,DR. ARVIND RAJBHAR,Suheldev Bharatiya Samaj Party,340188.0,162943.0
Chikkballapur,Karnataka,DR.K.SUDHAKAR,Bharatiya Janata Party,822619.0,M.S. RAKSHA RAMAIAH,Indian National Congress,659159.0,163460.0
Garhwal,Uttarakhand,ANIL BALUNI,Bharatiya Janata Party,432159.0,GANESH GODIYAL,Indian National Congress,268656.0,163503.0
Haridwar,Uttarakhand,TRIVENDRA SINGH RAWAT,Bharatiya Janata Party,653808.0,VIRENDRA RAWAT,Indian National Congress,489752.0,164056.0
Murshidabad,West Bengal,ABU TAHER KHAN,All India Trinamool Congress,682442.0,MD SALIM,Communist Party of India  (Marxist),518227.0,164215.0
BILASPUR,Chhattisgarh,TOKHAN SAHU,Bharatiya Janata Party,724937.0,DEVENDRA YADAV,Indian National Congress,560379.0,164558.0
Pilibhit,Uttar Pradesh,JITIN PRASADA,Bharatiya Janata Party,607158.0,BHAGWAT SARAN GANGWAR,Samajwadi Party,442223.0,164935.0
Berhampur,Odisha,DR. PRADEEP KUMAR PANIGRAHY,Bharatiya Janata Party,513102.0,BHRUGU BAXIPATRA,Biju Janata Dal,347626.0,165476.0
TIRUNELVELI,Tamil Nadu,ROBERT BRUCE C,Indian National Congress,502296.0,NAINAR NAGENTHRAN,Bharatiya Janata Party,336676.0,165620.0
RAMANATHAPURAM,Tamil Nadu,NAVASKANI K,Indian Union Muslim League,509664.0,PANNEERSELVAM O S/O OTTAKARATHEVAR,Independent,342882.0,166782.0
KARUR,Tamil Nadu,JOTHIMANI. S,Indian National Congress,534906.0,THANGAVEL. L,All India Anna Dravida Munnetra Kazhagam,368090.0,166816.0
Amethi,Uttar Pradesh,KISHORI LAL,Indian National Congress,539228.0,SMRITI IRANI,Bharatiya Janata Party,372032.0,167196.0
Singhbhum,Jharkhand,JOBA MAJHI,Jharkhand Mukti Morcha,520164.0,GEETA KORA,Bharatiya Janata Party,351762.0,168402.0
Nalanda,Bihar,KAUSHALENDRA KUMAR,Janata Dal  (United),559422.0,DR. SANDEEP SAURAV,Communist Party of India  (Marxist-Leninist)  (Liberation),390308.0,169114.0
Howrah,West Bengal,PRASUN BANERJEE,All India Trinamool Congress,626493.0,DR RATHIN CHAKRAVARTY,Bharatiya Janata Party,457051.0,169442.0
Supaul,Bihar,DILESHWAR KAMAIT,Janata Dal  (United),595038.0,CHANDRAHAS CHAUPAL,Rashtriya Janata Dal,425235.0,169803.0
Hajipur,Bihar,CHIRAG PASWAN,Lok Janshakti Party(Ram Vilas),615718.0,SHIV CHANDRA RAM,Rashtriya Janata Dal,445613.0,170105.0
Kannauj,Uttar Pradesh,AKHILESH YADAV,Samajwadi Party,642292.0,SUBRAT PATHAK,Bharatiya Janata Party,471370.0,170922.0
Sangrur,Punjab,GURMEET SINGH MEET HAYER,Aam Aadmi Party,364085.0,SUKHPAL SINGH KHAIRA,Indian National Congress,191525.0,172560.0
Chevella,Telangana,KONDA VISHWESHWAR REDDY,Bharatiya Janata Party,809882.0,DR GADDAM RANJITH REDDY,Indian National Congress,636985.0,172897.0
FARIDABAD,Haryana,KRISHAN PAL,Bharatiya Janata Party,788569.0,MAHENDER PRATAP SINGH,Indian National Congress,615655.0,172914.0
Jhargram,West Bengal,KALIPADA SAREN (KHERWAL),All India Trinamool Congress,743478.0,DR. PRANAT TUDU,Bharatiya Janata Party,569430.0,174048.0
BALAGHAT,Madhya Pradesh,BHARTI PARDHI,Bharatiya Janata Party,712660.0,SAMRAT ASHOK SINGH SARASWAR,Indian National Congress,538148.0,174512.0
Madhepura,Bihar,DINESH CHANDRA YADAV,Janata Dal  (United),640649.0,DA KUMAR CHANDRADEEP,Rashtriya Janata Dal,466115.0,174534.0
Srerampur,West Bengal,KALYAN BANERJEE,All India Trinamool Congress,673970.0,KABIR SHANKAR BOSE,Bharatiya Janata Party,499140.0,174830.0
Tumkur,Karnataka,V. SOMANNA,Bharatiya Janata Party,720946.0,S.P. MUDDAHANUMEGOWDA,Indian National Congress,545352.0,175594.0
Jalandhar,Punjab,CHARANJIT SINGH CHANNI,Indian National Congress,390053.0,SUSHIL KUMAR RINKU,Bharatiya Janata Party,214060.0,175993.0
Darbhanga,Bihar,GOPAL JEE THAKUR,Bharatiya Janata Party,566630.0,LALIT KUMAR YADAV,Rashtriya Janata Dal,388474.0,178156.0
Rajmahal,Jharkhand,VIJAY KUMAR HANSDAK,Jharkhand Mukti Morcha,613371.0,TALA MARANDI,Bharatiya Janata Party,435107.0,178264.0
Belgaum,Karnataka,JAGADISH SHETTAR,Bharatiya Janata Party,762029.0,MRINAL R HEBBALKAR,Indian National Congress,583592.0,178437.0
Darjeeling,West Bengal,RAJU BISTA,Bharatiya Janata Party,679331.0,GOPAL LAMA,All India Trinamool Congress,500806.0,178525.0
KANNIYAKUMARI,Tamil Nadu,VIJAYAKUMAR (Alias) VIJAY VASANTH,Indian National Congress,546248.0,RADHAKRISHNAN P,Bharatiya Janata Party,366341.0,179907.0
Eluru,Andhra Pradesh,PUTTA MAHESH KUMAR,Telugu Desam,746351.0,KARUMURI SUNIL KUMAR,Yuvajana Sramika Rythu Congress Party,564494.0,181857.0
HAMIRPUR,Himachal Pradesh,ANURAG SINGH THAKUR,Bharatiya Janata Party,607068.0,SATPAL RAIZADA,Indian National Congress,424711.0,182357.0
Ghatal,West Bengal,ADHIKARI DEEPAK (DEV),All India Trinamool Congress,837990.0,DR. HIRANMOY CHATTOPADHYAYA,Bharatiya Janata Party,655122.0,182868.0
Palghar,Maharashtra,DR. HEMANT VISHNU SAVARA,Bharatiya Janata Party,601244.0,BHARTI BHARAT KAMDI,Shiv Sena (Uddhav Balasaheb Thackrey),417938.0,183306.0
Jhanjharpur,Bihar,RAMPRIT MANDAL,Janata Dal  (United),533032.0,SUMAN KUMAR MAHASETH,Vikassheel Insaan Party,348863.0,184169.0
CUDDALORE,Tamil Nadu,M.K. VISHNUPRASAD,Indian National Congress,455053.0,P. SIVAKOZHUNDU,Desiya Murpokku Dravida Kazhagam,269157.0,185896.0
Ranaghat,West Bengal,JAGANNATH SARKAR,Bharatiya Janata Party,782396.0,MUKUT MANI ADHIKARI,All India Trinamool Congress,595497.0,186899.0
Kolkata Dakshin,West Bengal,MALA ROY,All India Trinamool Congress,615274.0,DEBASREE CHAUDHURI,Bharatiya Janata Party,428043.0,187231.0
Samastipur,Bihar,SHAMBHAVI,Lok Janshakti Party(Ram Vilas),579786.0,SUNNY HAZARI,Indian National Congress,392535.0,187251.0
SRINAGAR,Jammu and Kashmir,AGA SYED RUHULLAH MEHDI,Jammu & Kashmir National Conference,356866.0,WAHEED UR REHMAN PARA,Jammu & Kashmir Peoples Democratic Party,168450.0,188416.0
Ananthapur,Andhra Pradesh,AMBICA G LAKSHMINARAYANA VALMIKI,Telugu Desam,768245.0,MALAGUNDLA SANKAR NARAYANA,Yuvajana Sramika Rythu Congress Party,579690.0,188555.0
Chamarajanagar,Karnataka,SUNIL BOSE,Indian National Congress,751671.0,BALARAJ.S,Bharatiya Janata Party,562965.0,188706.0
KRISHNAGIRI,Tamil Nadu,GOPINATH K,Indian National Congress,492883.0,JAYAPRAKASH V,All India Anna Dravida Munnetra Kazhagam,300397.0,192486.0
REWA,Madhya Pradesh,JANARDAN MISHRA,Bharatiya Janata Party,477459.0,NEELAM ABHAY MISHRA,Indian National Congress,284085.0,193374.0
TENKASI,Tamil Nadu,DR RANI SRI KUMAR,Dravida Munnetra Kazhagam,425679.0,DR K KRISHNASAMY,All India Anna Dravida Munnetra Kazhagam,229480.0,196199.0
Khadoor Sahib,Punjab,AMRITPAL SINGH,Independent,404430.0,KULBIR SINGH ZIRA,Indian National Congress,207310.0,197120.0
Birbhum,West Bengal,SATABDI ROY,All India Trinamool Congress,717961.0,DEBTANU BHATTACHARYA,Bharatiya Janata Party,520311.0,197650.0
West Delhi,NCT OF Delhi,KAMALJEET SEHRAWAT,Bharatiya Janata Party,842658.0,MAHABAL MISHRA,Aam Aadmi Party,643645.0,199013.0
Mathurapur,West Bengal,BAPI HALDAR,All India Trinamool Congress,755731.0,ASHOK PURKAIT,Bharatiya Janata Party,554674.0,201057.0
Lakhimpur,Assam,PRADAN BARUAH,Bharatiya Janata Party,663122.0,UDAY SHANKAR HAZARIKA,Indian National Congress,461865.0,201257.0
JALORE,Rajasthan,LUMBARAM,Bharatiya Janata Party,796783.0,VAIBHAV GEHLOT,Indian National Congress,595240.0,201543.0
BARAMULLA,Jammu and Kashmir,ABDUL RASHID SHEIKH,Independent,472481.0,OMAR ABDULLAH,Jammu & Kashmir National Conference,268339.0,204142.0
SIVAGANGA,Tamil Nadu,KARTI P CHIDAMBARAM,Indian National Congress,427677.0,XAVIERDASS A,All India Anna Dravida Munnetra Kazhagam,222013.0,205664.0
SIDHI,Madhya Pradesh,DR. RAJESH MISHRA,Bharatiya Janata Party,583559.0,KAMLESHWAR INDRAJIT KUMAR,Indian National Congress,377143.0,206416.0
RATLAM,Madhya Pradesh,ANITA NAGARSINGH CHOUHAN,Bharatiya Janata Party,795863.0,KANTILAL BHURIA,Indian National Congress,588631.0,207232.0
Bapatla,Andhra Pradesh,KRISHNA PRASAD TENNETI,Telugu Desam,717493.0,NANDIGAM SURESH BABU,Yuvajana Sramika Rythu Congress Party,509462.0,208031.0
ARANI,Tamil Nadu,THARANIVENTHAN M S,Dravida Munnetra Kazhagam,500099.0,"GAJENDRAN, G.V.",All India Anna Dravida Munnetra Kazhagam,291333.0,208766.0
NAGAPATTINAM,Tamil Nadu,SELVARAJ V,Communist Party of India,465044.0,DR SURSITH SANKAR G,All India Anna Dravida Munnetra Kazhagam,256087.0,208957.0
Kalyan,Maharashtra,DR SHRIKANT EKNATH SHINDE,Shiv Sena,589636.0,VAISHALI DAREKAR - RANE,Shiv Sena (Uddhav Balasaheb Thackrey),380492.0,209144.0
MADURAI,Tamil Nadu,VENKATESAN S,Communist Party of India  (Marxist),430323.0,RAAMA SREENIVASAN,Bharatiya Janata Party,220914.0,209409.0
Valsad,Gujarat,DHAVAL LAXMANBHAI  PATEL,Bharatiya Janata Party,764226.0,ANANTKUMAR HASMUKHBHAI PATEL,Indian National Congress,553522.0,210704.0
Nagaon,Assam,PRADYUT BORDOLOI,Indian National Congress,788850.0,SURESH BORAH,Bharatiya Janata Party,576619.0,212231.0
VELLORE,Tamil Nadu,DM KATHIR ANAND,Dravida Munnetra Kazhagam,568692.0,AC SHANMUGAM,Bharatiya Janata Party,352990.0,215702.0
Barabanki,Uttar Pradesh,TANUJ PUNIA,Indian National Congress,719927.0,RAJRANI RAWAT,Bharatiya Janata Party,504223.0,215704.0
Thane,Maharashtra,NARESH GANPAT MHASKE,Shiv Sena,734231.0,RAJAN BABURAO VICHARE,Shiv Sena (Uddhav Balasaheb Thackrey),517220.0,217011.0
DHAR,Madhya Pradesh,SAVITRI THAKUR,Bharatiya Janata Party,794449.0,RADHESHYAM MUVEL,Indian National Congress,575784.0,218665.0
Uluberia,West Bengal,SAJDA AHMED,All India Trinamool Congress,724622.0,ARUNUDAY PAULCHOWDHURY,Bharatiya Janata Party,505949.0,218673.0
Mayurbhanj,Odisha,NABA CHARAN MAJHI,Bharatiya Janata Party,585971.0,SUDAM MARNDI,Biju Janata Dal,366637.0,219334.0
Warangal,Telangana,KADIYAM KAVYA,Indian National Congress,581294.0,AROORI RAMESH,Bharatiya Janata Party,360955.0,220339.0
Chittoor,Andhra Pradesh,DAGGUMALLA PRASADA RAO,Telugu Desam,778071.0,REDDEPPA.N .,Yuvajana Sramika Rythu Congress Party,557592.0,220479.0
Chatra,Jharkhand,KALI CHARAN SINGH,Bharatiya Janata Party,574556.0,KRISHNA NAND TRIPATHI,Indian National Congress,353597.0,220959.0
KANCHEEPURAM,Tamil Nadu,SELVAM. G,Dravida Munnetra Kazhagam,586044.0,RAJASEKAR. E,All India Anna Dravida Munnetra Kazhagam,364571.0,221473.0
Mainpuri,Uttar Pradesh,DIMPLE YADAV,Samajwadi Party,598526.0,JAYVEER SINGH,Bharatiya Janata Party,376887.0,221639.0
Bhongir,Telangana,CHAMALA KIRAN KUMAR REDDY,Indian National Congress,629143.0,DR. BOORA NARSAIAH GOUD,Bharatiya Janata Party,406973.0,222170.0
Barpeta,Assam,PHANI BHUSAN CHOUDHURY,Asom Gana Parishad,860113.0,DEEP BAYAN,Indian National Congress,637762.0,222351.0
Machilipatnam,Andhra Pradesh,BALASHOWRY VALLABHANENI,Janasena Party,724439.0,SIMHADRI CHANDRA SEKHAR RAO,Yuvajana Sramika Rythu Congress Party,501260.0,223179.0
Karimnagar,Telangana,BANDI SANJAY KUMAR,Bharatiya Janata Party,585116.0,VELCHALA RAJENDER RAO,Indian National Congress,359907.0,225209.0
CHENNAI SOUTH,Tamil Nadu,T.SUMATHY (ALIAS) THAMIZHACHI THANGAPANDIAN,Dravida Munnetra Kazhagam,516628.0,DR.TAMILISAI SOUNDARARAJAN,Bharatiya Janata Party,290683.0,225945.0
Kakinada,Andhra Pradesh,TANGELLA UDAY SRINIVAS  (TEA TIME UDAY),Janasena Party,729699.0,CHALAMALASETTY SUNIL,Yuvajana Sramika Rythu Congress Party,500208.0,229491.0
Bardoli,Gujarat,PARBHUBHAI NAGARBHAI VASAVA,Bharatiya Janata Party,763950.0,CHAUDHARY SIDDHARTH AMARSINH,Indian National Congress,533697.0,230253.0
KARNAL,Haryana,MANOHAR LAL,Bharatiya Janata Party,739285.0,DIVYANSHU BUDHIRAJA,Indian National Congress,506708.0,232577.0
TIRUVANNAMALAI,Tamil Nadu,"ANNADURAI, C.N.",Dravida Munnetra Kazhagam,547379.0,KALIYAPERUMAL M,All India Anna Dravida Munnetra Kazhagam,313448.0,233931.0
Almora,Uttarakhand,AJAY TAMTA,Bharatiya Janata Party,429167.0,PRADEEP TAMTA,Indian National Congress,195070.0,234097.0
Muzaffarpur,Bihar,RAJ BHUSHAN CHOUDHARY,Bharatiya Janata Party,619749.0,AJAY NISHAD,Indian National Congress,384822.0,234927.0
Ponnani,Kerala,DR. M.P ABDUSSAMAD SAMADANI,Indian Union Muslim League,562516.0,K.S HAMZA,Communist Party of India  (Marxist),326756.0,235760.0
ERODE,Tamil Nadu,K E PRAKASH,Dravida Munnetra Kazhagam,562339.0,ASHOK KUMAR,All India Anna Dravida Munnetra Kazhagam,325773.0,236566.0
DAUSA,Rajasthan,MURARI LAL MEENA,Indian National Congress,646266.0,KANHAIYA LAL MEENA,Bharatiya Janata Party,408926.0,237340.0
Jamnagar,Gujarat,POONAMBEN HEMATBHAI MAADAM,Bharatiya Janata Party,620049.0,ADVOCATE J. P. MARAVIYA,Indian National Congress,382041.0,238008.0
Rajahmundry,Andhra Pradesh,DAGGUBATI PURANDHESHWARI,Bharatiya Janata Party,726515.0,DR. GUDURI SRINIVAS,Yuvajana Sramika Rythu Congress Party,487376.0,239139.0
RAIGARH,Chhattisgarh,RADHESHYAM RATHIYA,Bharatiya Janata Party,808275.0,DR. MENKA DEVI SINGH,Indian National Congress,567884.0,240391.0
NILGIRIS,Tamil Nadu,RAJA A,Dravida Munnetra Kazhagam,473212.0,DR MURUGAN L,Bharatiya Janata Party,232627.0,240585.0
Shimoga,Karnataka,B.Y.RAGHAVENDRA,Bharatiya Janata Party,778721.0,GEETHA SHIVARAJKUMAR,Indian National Congress,535006.0,243715.0
CHENNAI CENTRAL,Tamil Nadu,DAYANIDHI MARAN,Dravida Munnetra Kazhagam,413848.0,VINOJ,Bharatiya Janata Party,169159.0,244689.0
PALI,Rajasthan,P. P. CHAUDHARY,Bharatiya Janata Party,757389.0,SANGEETA BENIWAL,Indian National Congress,512038.0,245351.0
Nellore,Andhra Pradesh,PRABHAKAR REDDY VEMIREDDY,Telugu Desam,766202.0,VENUMBAKA VIJAYASAI REDDY,Yuvajana Sramika Rythu Congress Party,520300.0,245902.0
BANSWARA,Rajasthan,RAJ KUMAR ROAT,Bharat Adivasi Party,820831.0,MAHENDRAJEETSINGH MALVIYA,Bharatiya Janata Party,573777.0,247054.0
Hathras,Uttar Pradesh,ANOOP PRADHAN BALMIKI,Bharatiya Janata Party,554746.0,JASVEER VALMIKI,Samajwadi Party,307428.0,247318.0
Kaziranga,Assam,KAMAKHYA PRASAD TASA,Bharatiya Janata Party,897043.0,ROSELINA TIRKEY,Indian National Congress,648096.0,248947.0
Vizianagaram,Andhra Pradesh,APPALANAIDU KALISETTI,Telugu Desam,743113.0,BELLANA CHANDRASEKHAR,Yuvajana Sramika Rythu Congress Party,493762.0,249351.0
Ernakulam,Kerala,HIBI EDEN,Indian National Congress,482317.0,K. J. SHINE TEACHER,Communist Party of India  (Marxist),231932.0,250385.0
Guwahati,Assam,BIJULI KALITA  MEDHI,Bharatiya Janata Party,894887.0,MIRA BORTHAKUR GOSWAMI,Indian National Congress,643797.0,251090.0
Jalgaon,Maharashtra,SMITA UDAY WAGH,Bharatiya Janata Party,674428.0,KARAN BALASAHEB PATIL - PAWAR,Shiv Sena (Uddhav Balasaheb Thackrey),422834.0,251594.0
Bargarh,Odisha,PRADEEP PUROHIT,Bharatiya Janata Party,716359.0,PARINITA MISHRA,Biju Janata Dal,464692.0,251667.0
KANGRA,Himachal Pradesh,DR RAJEEV BHARDWAJ,Bharatiya Janata Party,632793.0,ANAND SHARMA,Indian National Congress,380898.0,251895.0
POLLACHI,Tamil Nadu,ESWARASAMY K,Dravida Munnetra Kazhagam,533377.0,KARTHIKEYAN A,All India Anna Dravida Munnetra Kazhagam,281335.0,252042.0
Jadavpur,West Bengal,SAYANI GHOSH,All India Trinamool Congress,717899.0,DR. ANIRBAN GANGULY,Bharatiya Janata Party,459698.0,258201.0
Udupi Chikmagalur,Karnataka,KOTA SRINIVAS POOJARY,Bharatiya Janata Party,732234.0,K. JAYAPRAKASH HEGDE,Indian National Congress,473059.0,259175.0
Bangalore North,Karnataka,SHOBHA KARANDLAJE,Bharatiya Janata Party,986049.0,PROFESSOR M.V RAJEEV GOWDA,Indian National Congress,726573.0,259476.0
Jamshedpur,Jharkhand,BIDYUT BARAN MAHATO,Bharatiya Janata Party,726174.0,SAMIR KUMAR MOHANTY,Jharkhand Mukti Morcha,466392.0,259782.0
Chandrapur,Maharashtra,DHANORKAR PRATIBHA SURESH ALIAS BALUBHAU,Indian National Congress,718410.0,MUNGANTIWAR SUDHIR SACCHIDANAND,Bharatiya Janata Party,458004.0,260406.0
UDAIPUR,Rajasthan,MANNA LAL RAWAT,Bharatiya Janata Party,738286.0,TARACHAND MEENA,Indian National Congress,476678.0,261608.0
Surendranagar,Gujarat,CHANDUBHAI CHHAGANBHAI SHIHORA,Bharatiya Janata Party,669749.0,RUTVIKBHAI LAVJIBHAI MAKWANA,Indian National Congress,408132.0,261617.0
Silchar,Assam,PARIMAL SUKLABAIDYA,Bharatiya Janata Party,652405.0,SURYA KANTA SARKAR,Indian National Congress,388094.0,264311.0
SIRSA,Haryana,SELJA,Indian National Congress,733823.0,ASHOK TANWAR,Bharatiya Janata Party,465326.0,268497.0
Kachchh,Gujarat,CHAVDA VINOD LAKHAMSHI,Bharatiya Janata Party,659574.0,NITESH PARBATBHAI LALAN (MATANG),Indian National Congress,390792.0,268782.0
Bangalore Rural,Karnataka,DR C N MANJUNATH,Bharatiya Janata Party,1079002.0,D K SURESH,Indian National Congress,809355.0,269647.0
KHANDWA,Madhya Pradesh,GYANESHWAR PATIL,Bharatiya Janata Party,862679.0,NARENDRA PATEL,Indian National Congress,592708.0,269971.0
MAYILADUTHURAI,Tamil Nadu,SUDHA R,Indian National Congress,518459.0,BABU P,All India Anna Dravida Munnetra Kazhagam,247276.0,271183.0
Agra,Uttar Pradesh,PROF S P SINGH BAGHEL,Bharatiya Janata Party,599397.0,SURESH CHAND KARDAM,Samajwadi Party,328103.0,271294.0
Raver,Maharashtra,KHADSE RAKSHA NIKHIL,Bharatiya Janata Party,630879.0,SHRIRAM DAYARAM PATIL,Nationalist Congress Party – Sharadchandra Pawar,358696.0,272183.0
Tehri Garhwal,Uttarakhand,MALA RAJYA LAKSHMI SHAH,Bharatiya Janata Party,462603.0,JOT SINGH GUNSOLA,Indian National Congress,190110.0,272493.0
Bulandshahr,Uttar Pradesh,DR BHOLA SINGH,Bharatiya Janata Party,597310.0,SHIVRAM,Indian National Congress,322176.0,275134.0
Hazaribagh,Jharkhand,MANISH JAISWAL,Bharatiya Janata Party,654613.0,JAI PRAKASH BHAI PATEL,Indian National Congress,377927.0,276686.0
Narsapuram,Andhra Pradesh,BHUPATHI RAJU SRINIVASA VARMA (B.J.P.VARMA),Bharatiya Janata Party,707343.0,UMABALA GUDURI,Yuvajana Sramika Rythu Congress Party,430541.0,276802.0
Bangalore South,Karnataka,TEJASVI SURYA,Bharatiya Janata Party,750830.0,SOWMYA REDDY,Indian National Congress,473747.0,277083.0
THENI,Tamil Nadu,THANGA TAMILSELVAN,Dravida Munnetra Kazhagam,571493.0,TTV DHINAKARAN,Amma Makkal Munnettra Kazagam,292668.0,278825.0
Dibrugarh,Assam,SARBANANDA SONOWAL,Bharatiya Janata Party,693762.0,LURINJYOTI GOGOI,Assam Jatiya Parishad,414441.0,279321.0
ANANTNAG,Jammu and Kashmir,MIAN ALTAF AHMAD,Jammu & Kashmir National Conference,521836.0,MEHBOOBA MUFTI,Jammu & Kashmir Peoples Democratic Party,240042.0,281794.0
Vijayawada,Andhra Pradesh,KESINENI SIVANATH (CHINNI),Telugu Desam,794154.0,KESINENI SRINIVAS  (NANI),Yuvajana Sramika Rythu Congress Party,512069.0,282085.0
Mandya,Karnataka,H.D. KUMARASWAMY,Janata Dal  (Secular),851881.0,VENKATARAMANE GOWDA (STAR CHANDRU),Indian National Congress,567261.0,284620.0
Ahmedabad West,Gujarat,DINESHBHAI MAKWANA (ADVOCATE),Bharatiya Janata Party,611704.0,BHARAT YOGENDRA MAKWANA,Indian National Congress,325267.0,286437.0
Palamau,Jharkhand,VISHNU DAYAL RAM,Bharatiya Janata Party,770362.0,MAMTA BHUIYAN,Rashtriya Janata Dal,481555.0,288807.0
Mathura,Uttar Pradesh,HEMAMALINI DHARMENDRA DEOL,Bharatiya Janata Party,510064.0,MUKESH DHANGAR,Indian National Congress,216657.0,293407.0
Anakapalle,Andhra Pradesh,C.M.RAMESH,Bharatiya Janata Party,762069.0,BUDI MUTYALA NAIDU,Yuvajana Sramika Rythu Congress Party,465539.0,296530.0
Malappuram,Kerala,E.T.  MOHAMMED BASHEER,Indian Union Muslim League,644006.0,V. VASEEF,Communist Party of India  (Marxist),343888.0,300118.0
ARAKKONAM,Tamil Nadu,S JAGATHRATCHAKAN,Dravida Munnetra Kazhagam,563216.0,L VIJAYAN,All India Anna Dravida Munnetra Kazhagam,256657.0,306559.0
TIRUCHIRAPPALLI,Tamil Nadu,DURAI VAIKO,Marumalarchi Dravida Munnetra Kazhagam,542213.0,KARUPPAIAH. P,All India Anna Dravida Munnetra Kazhagam,229119.0,313094.0
THANJAVUR,Tamil Nadu,MURASOLI S,Dravida Munnetra Kazhagam,502245.0,SIVANESAN P,Desiya Murpokku Dravida Kazhagam,182662.0,319583.0
Amreli,Gujarat,BHARATBHAI MANUBHAI SUTARIYA,Bharatiya Janata Party,580872.0,JENNY THUMMAR,Indian National Congress,259804.0,321068.0
Bolpur,West Bengal,ASIT KUMAR MAL,All India Trinamool Congress,855633.0,PIYA SAHA,Bharatiya Janata Party,528380.0,327253.0
Srikakulam,Andhra Pradesh,KINJARAPU RAMMOHAN NAIDU,Telugu Desam,754328.0,TILAK PERADA,Yuvajana Sramika Rythu Congress Party,426427.0,327901.0
Mahesana,Gujarat,HARIBHAI PATEL,Bharatiya Janata Party,686406.0,RAMJI THAKOR,Indian National Congress,358360.0,328046.0
Darrang,Assam,DILIP SAIKIA,Bharatiya Janata Party,868387.0,MADHAB RAJBANGSHI,Indian National Congress,539375.0,329012.0
Osmanabad,Maharashtra,OMPRAKASH BHUPALSINH ALIAS PAVAN RAJENIMBALKAR,Shiv Sena (Uddhav Balasaheb Thackrey),748752.0,ARCHANA RANAJAGJITSINH PATIL,Nationalist Congress Party,418906.0,329846.0
AJMER,Rajasthan,BHAGIRATH CHOUDHARY,Bharatiya Janata Party,747462.0,RAMCHANDRA CHOUDHARY,Indian National Congress,417471.0,329991.0
Dhanbad,Jharkhand,DULU MAHATO,Bharatiya Janata Party,789172.0,ANUPAMA SINGH,Indian National Congress,457589.0,331583.0
JAIPUR,Rajasthan,MANJU SHARMA,Bharatiya Janata Party,886850.0,PRATAP SINGH KHACHARIYAWAS,Indian National Congress,555083.0,331767.0
Basirhat,West Bengal,SK NURUL ISLAM,All India Trinamool Congress,803762.0,REKHA PATRA,Bharatiya Janata Party,470215.0,333547.0
Dahod,Gujarat,JASWANTSINH SUMANBHAI BHABHOR,Bharatiya Janata Party,688715.0,DR. PRABHABEN KISHORSINH TAVIYAD,Indian National Congress,355038.0,333677.0
Nainital,Uttarakhand,AJAY BHATT,Bharatiya Janata Party,772671.0,PRAKASH JOSHI,Indian National Congress,438123.0,334548.0
Ghaziabad,Uttar Pradesh,ATUL GARG,Bharatiya Janata Party,854170.0,DOLLY SHARMA,Indian National Congress,517205.0,336965.0
Uttara Kannada,Karnataka,VISHWESHWAR HEGDE KAGERI,Bharatiya Janata Party,782495.0,DR. ANJALI NIMBALKAR,Indian National Congress,445067.0,337428.0
Hyderabad,Telangana,ASADUDDIN OWAISI,All India Majlis-E-Ittehadul Muslimeen,661981.0,MADHAVI LATHA KOMPELLA,Bharatiya Janata Party,323894.0,338087.0
CHENNAI NORTH,Tamil Nadu,DR.KALANIDHI VEERASWAMY,Dravida Munnetra Kazhagam,497333.0,R. MANOHAR,All India Anna Dravida Munnetra Kazhagam,158111.0,339222.0
Amalapuram,Andhra Pradesh,G M HARISH (BALAYOGI),Telugu Desam,796981.0,RAPAKA VARAPRASADA RAO,Yuvajana Sramika Rythu Congress Party,454785.0,342196.0
Guntur,Andhra Pradesh,DR CHANDRA SEKHAR PEMMASANI,Telugu Desam,864948.0,KILARI VENKATA ROSAIAH,Yuvajana Sramika Rythu Congress Party,520253.0,344695.0
ROHTAK,Haryana,DEEPENDER SINGH HOODA,Indian National Congress,783578.0,DR. ARVIND KUMAR SHARMA,Bharatiya Janata Party,438280.0,345298.0
Mahabubabad,Telangana,BALRAM NAIK PORIKA,Indian National Congress,612774.0,KAVITHA MALOTH,Bharat Rashtra Samithi,263609.0,349165.0
BHILWARA,Rajasthan,DAMODAR AGARWAL,Bharatiya Janata Party,807640.0,C P JOSHI,Indian National Congress,453034.0,354606.0
Mumbai North,Maharashtra,PIYUSH GOYAL,Bharatiya Janata Party,680146.0,BHUSHAN PATIL,Indian National Congress,322538.0,357608.0
Kheda,Gujarat,DEVUSINH CHAUHAN,Bharatiya Janata Party,744435.0,KALUSINH DABHI,Indian National Congress,386677.0,357758.0
Sonitpur,Assam,RANJIT DUTTA,Bharatiya Janata Party,775788.0,PREMLAL GANJU,Indian National Congress,414380.0,361408.0
Wayanad,Kerala,RAHUL GANDHI,Indian National Congress,647445.0,ANNIE RAJA,Communist Party of India,283023.0,364422.0
JHALAWAR,Rajasthan,DUSHYANT SINGH,Bharatiya Janata Party,865376.0,URMILA JAIN “BHAYA”,Indian National Congress,494387.0,370989.0
Shillong,Meghalaya,DR. RICKY ANDREW J. SYNGKON,Voice of the People Party,571078.0,VINCENT H. PALA,Indian National Congress,199168.0,371910.0
UJJAIN,Madhya Pradesh,ANIL FIROJIYA,Bharatiya Janata Party,836104.0,MAHESH PARMAR,Indian National Congress,460244.0,375860.0
Kodarma,Jharkhand,ANNPURNA DEVI,Bharatiya Janata Party,791657.0,VINOD KUMAR SINGH,Communist Party of India  (Marxist-Leninist)  (Liberation),414643.0,377014.0
BETUL,Madhya Pradesh,DURGADAS (D. D.) UIKEY,Bharatiya Janata Party,848236.0,RAMU TEKAM,Indian National Congress,468475.0,379761.0
Porbandar,Gujarat,DR. MANSUKH MANDAVIYA,Bharatiya Janata Party,633118.0,LALIT VASOYA,Indian National Congress,249758.0,383360.0
PERAMBALUR,Tamil Nadu,ARUN NEHRU,Dravida Munnetra Kazhagam,603209.0,CHANDRAMOHAN N D,All India Anna Dravida Munnetra Kazhagam,214102.0,389107.0
CHITTORGARH,Rajasthan,CHANDRA PRAKASH JOSHI,Bharatiya Janata Party,888202.0,ANJANA UDAILAL,Indian National Congress,498325.0,389877.0
Rae Bareli,Uttar Pradesh,RAHUL GANDHI,Indian National Congress,687649.0,DINESH PRATAP SINGH,Bharatiya Janata Party,297619.0,390030.0
Malkajgiri,Telangana,EATALA RAJENDER,Bharatiya Janata Party,991042.0,PATNAM SUNEETHA MAHENDER REDDY,Indian National Congress,599567.0,391475.0
RAJSAMAND,Rajasthan,MAHIMA KUMARI MEWAR,Bharatiya Janata Party,781203.0,DR. DAMODAR GURJAR,Indian National Congress,388980.0,392223.0
THOOTHUKKUDI,Tamil Nadu,KANIMOZHI KARUNANIDHI,Dravida Munnetra Kazhagam,540729.0,SIVASAMY VELUMANI R,All India Anna Dravida Munnetra Kazhagam,147991.0,392738.0
SHAHDOL,Madhya Pradesh,SMT. HIMADRI SINGH,Bharatiya Janata Party,711143.0,PHUNDE LAL SINGH MARKO,Indian National Congress,313803.0,397340.0
Chhota Udaipur,Gujarat,JASHUBHAI BHILUBHAI RATHVA,Bharatiya Janata Party,796589.0,SUKHRAMBHAI HARIYABHAI RATHWA,Indian National Congress,397812.0,398777.0
TIKAMGARH,Madhya Pradesh,DR. VIRENDRA KUMAR,Bharatiya Janata Party,715050.0,KHUMAN URF PANKAJ AHIRWAR,Indian National Congress,311738.0,403312.0
DAMOH,Madhya Pradesh,RAHUL SINGH LODHI,Bharatiya Janata Party,709768.0,TARBAR SINGH LODHI (BANTU BHAIYA),Indian National Congress,303342.0,406426.0
DEWAS,Madhya Pradesh,MAHENDRA SINGH SOLANKY,Bharatiya Janata Party,928941.0,RAJENDRA RADHAKISHAN MALVIYA,Indian National Congress,503716.0,425225.0
HOSHANGABAD,Madhya Pradesh,DARSHAN SINGH CHOUDHARY,Bharatiya Janata Party,812147.0,SANJAY SHARMA SANJU BHAIYA,Indian National Congress,380451.0,431696.0
DURG,Chhattisgarh,VIJAY BAGHEL,Bharatiya Janata Party,956497.0,RAJENDRA SAHU,Indian National Congress,518271.0,438226.0
DINDIGUL,Tamil Nadu,SACHITHANANTHAM R,Communist Party of India  (Marxist),670149.0,MOHAMED MUBARAK M A,All India Anna Dravida Munnetra Kazhagam,226328.0,443821.0
Bhavnagar,Gujarat,NIMUBEN JAYANTIBHAI BAMBHANIYA (NIMUBEN BAMBHANIYA),Bharatiya Janata Party,716883.0,UMESHBHAI NARANBHAI MAKWANA,Aam Aadmi Party,261594.0,455289.0
Ahmedabad East,Gujarat,HASMUKHBHAI PATEL (H.S.PATEL),Bharatiya Janata Party,770459.0,HIMMATSINH PRAHLADSINH PATEL,Indian National Congress,308704.0,461755.0
Khammam,Telangana,RAMASAHAYAM RAGHURAM REDDY,Indian National Congress,766929.0,NAMA NAGESWARA RAO,Bharat Rashtra Samithi,299082.0,467847.0
Joynagar,West Bengal,PRATIMA MONDAL,All India Trinamool Congress,894312.0,ASHOK KANDARY,Bharatiya Janata Party,424093.0,470219.0
SAGAR,Madhya Pradesh,DR. LATA WANKHEDE,Bharatiya Janata Party,787979.0,CHANDRA BHUSAN SINGH BUNDELA 'GUDDU RAJA',Indian National Congress,316757.0,471222.0
Rajkot,Gujarat,PARSHOTTAMBHAI RUPALA,Bharatiya Janata Party,857984.0,DHANANI PARESH,Indian National Congress,373724.0,484260.0
JABALPUR,Madhya Pradesh,ASHISH DUBEY,Bharatiya Janata Party,790133.0,DINESH YADAV,Indian National Congress,303459.0,486674.0
Tripura East,Tripura,KRITI DEVI DEBBARMAN,Bharatiya Janata Party,777447.0,RAJENDRA REANG,Communist Party of India  (Marxist),290628.0,486819.0
SRIPERUMBUDUR,Tamil Nadu,T R BAALU,Dravida Munnetra Kazhagam,758611.0,G PREMKUMAR,All India Anna Dravida Munnetra Kazhagam,271582.0,487029.0
MANDSOUR,Madhya Pradesh,SUDHEER GUPTA,Bharatiya Janata Party,945761.0,DILIP SINGH GURJAR,Indian National Congress,445106.0,500655.0
BHOPAL,Madhya Pradesh,ALOK SHARMA,Bharatiya Janata Party,981109.0,ADVOCATE ARUN SHRIVASTAVA,Indian National Congress,479610.0,501499.0
Visakhapatnam,Andhra Pradesh,SRIBHARAT MATHUKUMILI,Telugu Desam,907467.0,JHANSI LAKSHMI. BOTCHA.,Yuvajana Sramika Rythu Congress Party,403220.0,504247.0
Panchmahal,Gujarat,RAJPALSINH MAHENDRASINH JADAV,Bharatiya Janata Party,794579.0,GULABSINH SOMSINH CHAUHAN,Indian National Congress,285237.0,509342.0
GUNA,Madhya Pradesh,JYOTIRADITYA M. SCINDIA,Bharatiya Janata Party,923302.0,YADVENDRA RAO DESHRAJ SINGH,Indian National Congress,382373.0,540929.0
KHAJURAHO,Madhya Pradesh,VISHNU DATT SHARMA (V.D.SHARMA),Bharatiya Janata Party,772774.0,KAMLESH KUMAR,Bahujan Samaj Party,231545.0,541229.0
Gautam Buddha Nagar,Uttar Pradesh,DR. MAHESH SHARMA,Bharatiya Janata Party,857829.0,DR. MAHENDRA SINGH NAGAR,Samajwadi Party,298357.0,559472.0
Nalgonda,Telangana,KUNDURU RAGHUVEER,Indian National Congress,784337.0,SAIDI REDDY SHANAMPUDI,Bharatiya Janata Party,224432.0,559905.0
TIRUVALLUR,Tamil Nadu,Sasikanth Senthil,Indian National Congress,796956.0,"Balaganapathy, V. Pon",Bharatiya Janata Party,224801.0,572155.0
RAIPUR,Chhattisgarh,BRIJMOHAN AGRAWAL,Bharatiya Janata Party,1050351.0,VIKAS UPADHYAY,Indian National Congress,475066.0,575285.0
Vadodara,Gujarat,DR. HEMANG JOSHI,Bharatiya Janata Party,873189.0,PADHIYAR  JASHPALSINH MAHENDRASINH (BAPU),Indian National Congress,291063.0,582126.0
Tripura West,Tripura,BIPLAB KUMAR DEB,Bharatiya Janata Party,881341.0,ASISH KUMAR SAHA,Indian National Congress,269763.0,611578.0
Diamond harbour,West Bengal,ABHISHEK BANERJEE,All India Trinamool Congress,1048230.0,ABHIJIT DAS (BOBBY),Bharatiya Janata Party,337300.0,710930.0
Gandhinagar,Gujarat,AMIT SHAH,Bharatiya Janata Party,1010972.0,SONAL RAMANBHAI PATEL,Indian National Congress,266256.0,744716.0
Navsari,Gujarat,C R PATIL,Bharatiya Janata Party,1031065.0,NAISHADHBHAI BHUPATBHAI  DESAI,Indian National Congress,257514.0,773551.0
VIDISHA,Madhya Pradesh,SHIVRAJ SINGH CHOUHAN,Bharatiya Janata Party,1116460.0,PRATAPBHANU SHARMA,Indian National Congress,295052.0,821408.0
INDORE,Madhya Pradesh,SHANKAR LALWANI,Bharatiya Janata Party,1226751.0,NOTA,None of the Above,218674.0,1008077.0
Dhubri,Assam,RAKIBUL HUSSAIN,Indian National Congress,1471885.0,MOHAMMED BADRUDDIN AJMAL,All India United Democratic Front,459409.0,1012476.0
Surat,Gujarat,MUKESHKUMAR CHANDRAKAANT DALAL ( Uncontested ),Bharatiya Janata Party,0.0,,,,
Maharajganj,Bihar,,,,,,,
Aurangabad,Maharashtra,BHUMARE SANDIPANRAO ASARAM,Shiv Sena,476130.0,,,,
Aurangabad,Bihar,,,,ABHAY KUMAR SINHA,Rashtriya Janata Dal,465567.0,
